Frequency - Filtered (PSD),Amplitude - Filtered (PSD),Frequency - Filtered (PSD),Amplitude - Filtered (PSD)
0,4.01E-22,0,4.01E-22
0.1,8.02E-22,0.1,8.02E-22
0.2,8.02E-22,0.2,8.03E-22
0.3,8.03E-22,0.3,8.03E-22
0.4,8.03E-22,0.4,8.04E-22
0.5,8.04E-22,0.5,8.04E-22
0.6,8.05E-22,0.6,8.05E-22
0.7,8.06E-22,0.7,8.06E-22
0.8,8.07E-22,0.8,8.08E-22
0.9,8.09E-22,0.9,8.09E-22
1,8.10E-22,1,8.11E-22
1.1,8.12E-22,1.1,8.12E-22
1.2,8.14E-22,1.2,8.14E-22
1.3,8.16E-22,1.3,8.16E-22
1.4,8.18E-22,1.4,8.19E-22
1.5,8.21E-22,1.5,8.21E-22
1.6,8.23E-22,1.6,8.23E-22
1.7,8.26E-22,1.7,8.26E-22
1.8,8.29E-22,1.8,8.29E-22
1.9,8.32E-22,1.9,8.32E-22
2,8.35E-22,2,8.35E-22
2.1,8.39E-22,2.1,8.39E-22
2.2,8.42E-22,2.2,8.42E-22
2.3,8.46E-22,2.3,8.46E-22
2.4,8.50E-22,2.4,8.50E-22
2.5,8.54E-22,2.5,8.54E-22
2.6,8.58E-22,2.6,8.58E-22
2.7,8.63E-22,2.7,8.63E-22
2.8,8.67E-22,2.8,8.67E-22
2.9,8.72E-22,2.9,8.72E-22
3,8.77E-22,3,8.77E-22
3.1,8.82E-22,3.1,8.82E-22
3.2,8.88E-22,3.2,8.88E-22
3.3,8.93E-22,3.3,8.93E-22
3.4,8.99E-22,3.4,8.99E-22
3.5,9.04E-22,3.5,9.04E-22
3.6,9.10E-22,3.6,9.10E-22
3.7,9.17E-22,3.7,9.17E-22
3.8,9.23E-22,3.8,9.23E-22
3.9,9.29E-22,3.9,9.29E-22
4,9.36E-22,4,9.36E-22
4.1,9.43E-22,4.1,9.43E-22
4.2,9.50E-22,4.2,9.50E-22
4.3,9.57E-22,4.3,9.57E-22
4.4,9.65E-22,4.4,9.65E-22
4.5,9.72E-22,4.5,9.72E-22
4.6,9.80E-22,4.6,9.80E-22
4.7,9.88E-22,4.7,9.88E-22
4.8,9.96E-22,4.8,9.96E-22
4.9,1.00E-21,4.9,1.00E-21
5,1.01E-21,5,1.01E-21
5.1,1.02E-21,5.1,1.02E-21
5.2,1.03E-21,5.2,1.03E-21
5.3,1.04E-21,5.3,1.04E-21
5.4,1.05E-21,5.4,1.05E-21
5.5,1.06E-21,5.5,1.06E-21
5.6,1.07E-21,5.6,1.07E-21
5.7,1.08E-21,5.7,1.08E-21
5.8,1.09E-21,5.8,1.09E-21
5.9,1.10E-21,5.9,1.10E-21
6,1.11E-21,6,1.11E-21
6.1,1.12E-21,6.1,1.12E-21
6.2,1.13E-21,6.2,1.13E-21
6.3,1.14E-21,6.3,1.14E-21
6.4,1.15E-21,6.4,1.15E-21
6.5,1.16E-21,6.5,1.16E-21
6.6,1.18E-21,6.6,1.18E-21
6.7,1.19E-21,6.7,1.19E-21
6.8,1.20E-21,6.8,1.20E-21
6.9,1.21E-21,6.9,1.21E-21
7,1.22E-21,7,1.22E-21
7.1,1.24E-21,7.1,1.24E-21
7.2,1.25E-21,7.2,1.25E-21
7.3,1.26E-21,7.3,1.26E-21
7.4,1.28E-21,7.4,1.28E-21
7.5,1.29E-21,7.5,1.29E-21
7.6,1.30E-21,7.6,1.30E-21
7.7,1.32E-21,7.7,1.32E-21
7.8,1.33E-21,7.8,1.33E-21
7.9,1.35E-21,7.9,1.34E-21
8,1.36E-21,8,1.36E-21
8.1,1.37E-21,8.1,1.37E-21
8.2,1.39E-21,8.2,1.39E-21
8.3,1.41E-21,8.3,1.40E-21
8.4,1.42E-21,8.4,1.42E-21
8.5,1.44E-21,8.5,1.44E-21
8.6,1.45E-21,8.6,1.45E-21
8.7,1.47E-21,8.7,1.47E-21
8.8,1.48E-21,8.8,1.48E-21
8.9,1.50E-21,8.9,1.50E-21
9,1.52E-21,9,1.52E-21
9.1,1.54E-21,9.1,1.53E-21
9.2,1.55E-21,9.2,1.55E-21
9.3,1.57E-21,9.3,1.57E-21
9.4,1.59E-21,9.4,1.59E-21
9.5,1.61E-21,9.5,1.61E-21
9.6,1.62E-21,9.6,1.62E-21
9.7,1.64E-21,9.7,1.64E-21
9.8,1.66E-21,9.8,1.66E-21
9.9,1.68E-21,9.9,1.68E-21
10,1.70E-21,10,1.70E-21
10.1,1.72E-21,10.1,1.72E-21
10.2,1.74E-21,10.2,1.74E-21
10.3,1.76E-21,10.3,1.76E-21
10.4,1.78E-21,10.4,1.78E-21
10.5,1.80E-21,10.5,1.80E-21
10.6,1.82E-21,10.6,1.82E-21
10.7,1.84E-21,10.7,1.84E-21
10.8,1.86E-21,10.8,1.86E-21
10.9,1.89E-21,10.9,1.89E-21
11,1.91E-21,11,1.91E-21
11.1,1.93E-21,11.1,1.93E-21
11.2,1.95E-21,11.2,1.95E-21
11.3,1.98E-21,11.3,1.97E-21
11.4,2.00E-21,11.4,2.00E-21
11.5,2.02E-21,11.5,2.02E-21
11.6,2.05E-21,11.6,2.05E-21
11.7,2.07E-21,11.7,2.07E-21
11.8,2.10E-21,11.8,2.09E-21
11.9,2.12E-21,11.9,2.12E-21
12,2.14E-21,12,2.14E-21
12.1,2.17E-21,12.1,2.17E-21
12.2,2.20E-21,12.2,2.19E-21
12.3,2.22E-21,12.3,2.22E-21
12.4,2.25E-21,12.4,2.25E-21
12.5,2.27E-21,12.5,2.27E-21
12.6,2.30E-21,12.6,2.30E-21
12.7,2.33E-21,12.7,2.33E-21
12.8,2.36E-21,12.8,2.35E-21
12.9,2.38E-21,12.9,2.38E-21
13,2.41E-21,13,2.41E-21
13.1,2.44E-21,13.1,2.44E-21
13.2,2.47E-21,13.2,2.47E-21
13.3,2.50E-21,13.3,2.50E-21
13.4,2.53E-21,13.4,2.53E-21
13.5,2.56E-21,13.5,2.56E-21
13.6,2.59E-21,13.6,2.59E-21
13.7,2.62E-21,13.7,2.62E-21
13.8,2.65E-21,13.8,2.65E-21
13.9,2.68E-21,13.9,2.68E-21
14,2.71E-21,14,2.71E-21
14.1,2.74E-21,14.1,2.74E-21
14.2,2.78E-21,14.2,2.77E-21
14.3,2.81E-21,14.3,2.81E-21
14.4,2.84E-21,14.4,2.84E-21
14.5,2.88E-21,14.5,2.87E-21
14.6,2.91E-21,14.6,2.91E-21
14.7,2.94E-21,14.7,2.94E-21
14.8,2.98E-21,14.8,2.98E-21
14.9,3.01E-21,14.9,3.01E-21
15,3.05E-21,15,3.05E-21
15.1,3.09E-21,15.1,3.08E-21
15.2,3.12E-21,15.2,3.12E-21
15.3,3.16E-21,15.3,3.16E-21
15.4,3.20E-21,15.4,3.19E-21
15.5,3.23E-21,15.5,3.23E-21
15.6,3.27E-21,15.6,3.27E-21
15.7,3.31E-21,15.7,3.31E-21
15.8,3.35E-21,15.8,3.35E-21
15.9,3.39E-21,15.9,3.39E-21
16,3.43E-21,16,3.43E-21
16.1,3.47E-21,16.1,3.47E-21
16.2,3.51E-21,16.2,3.51E-21
16.3,3.55E-21,16.3,3.55E-21
16.4,3.59E-21,16.4,3.59E-21
16.5,3.64E-21,16.5,3.63E-21
16.6,3.68E-21,16.6,3.67E-21
16.7,3.72E-21,16.7,3.72E-21
16.8,3.77E-21,16.8,3.76E-21
16.9,3.81E-21,16.9,3.81E-21
17,3.85E-21,17,3.85E-21
17.1,3.90E-21,17.1,3.90E-21
17.2,3.95E-21,17.2,3.94E-21
17.3,3.99E-21,17.3,3.99E-21
17.4,4.04E-21,17.4,4.03E-21
17.5,4.09E-21,17.5,4.08E-21
17.6,4.13E-21,17.6,4.13E-21
17.7,4.18E-21,17.7,4.18E-21
17.8,4.23E-21,17.8,4.23E-21
17.9,4.28E-21,17.9,4.28E-21
18,4.33E-21,18,4.33E-21
18.1,4.38E-21,18.1,4.38E-21
18.2,4.43E-21,18.2,4.43E-21
18.3,4.48E-21,18.3,4.48E-21
18.4,4.54E-21,18.4,4.53E-21
18.5,4.59E-21,18.5,4.58E-21
18.6,4.64E-21,18.6,4.64E-21
18.7,4.70E-21,18.7,4.69E-21
18.8,4.75E-21,18.8,4.75E-21
18.9,4.81E-21,18.9,4.80E-21
19,4.86E-21,19,4.86E-21
19.1,4.92E-21,19.1,4.91E-21
19.2,4.98E-21,19.2,4.97E-21
19.3,5.04E-21,19.3,5.03E-21
19.4,5.09E-21,19.4,5.09E-21
19.5,5.15E-21,19.5,5.15E-21
19.6,5.21E-21,19.6,5.21E-21
19.7,5.27E-21,19.7,5.27E-21
19.8,5.34E-21,19.8,5.33E-21
19.9,5.40E-21,19.9,5.39E-21
20,5.46E-21,20,5.45E-21
20.1,5.52E-21,20.1,5.52E-21
20.2,5.59E-21,20.2,5.58E-21
20.3,5.66E-21,20.3,5.65E-21
20.4,5.71E-21,20.4,5.71E-21
20.5,5.79E-21,20.5,5.78E-21
20.6,5.85E-21,20.6,5.85E-21
20.7,5.92E-21,20.7,5.91E-21
20.8,5.99E-21,20.8,5.98E-21
20.9,6.06E-21,20.9,6.05E-21
21,6.12E-21,21,6.12E-21
21.1,6.20E-21,21.1,6.20E-21
21.2,6.28E-21,21.2,6.27E-21
21.3,6.34E-21,21.3,6.34E-21
21.4,6.42E-21,21.4,6.41E-21
21.5,6.50E-21,21.5,6.50E-21
21.6,6.56E-21,21.6,6.55E-21
21.7,6.64E-21,21.7,6.63E-21
21.8,6.74E-21,21.8,6.73E-21
21.9,6.79E-21,21.9,6.78E-21
22,6.87E-21,22,6.86E-21
22.1,6.98E-21,22.1,6.97E-21
22.2,7.03E-21,22.2,7.02E-21
22.3,7.11E-21,22.3,7.10E-21
22.4,7.23E-21,22.4,7.22E-21
22.5,7.26E-21,22.5,7.26E-21
22.6,7.37E-21,22.6,7.36E-21
22.7,7.51E-21,22.7,7.50E-21
22.8,7.48E-21,22.8,7.47E-21
22.9,7.65E-21,22.9,7.64E-21
23,7.77E-21,23,7.76E-21
23.1,7.75E-21,23.1,7.74E-21
23.2,7.94E-21,23.2,7.93E-21
23.3,7.99E-21,23.3,7.98E-21
23.4,8.05E-21,23.4,8.04E-21
23.5,8.20E-21,23.5,8.19E-21
23.6,8.28E-21,23.6,8.27E-21
23.7,8.36E-21,23.7,8.35E-21
23.8,8.53E-21,23.8,8.52E-21
23.9,8.54E-21,23.9,8.53E-21
24,8.64E-21,24,8.63E-21
24.1,8.80E-21,24.1,8.79E-21
24.2,8.89E-21,24.2,8.88E-21
24.3,8.92E-21,24.3,8.91E-21
24.4,9.11E-21,24.4,9.09E-21
24.5,9.07E-21,24.5,9.05E-21
24.6,9.46E-21,24.6,9.45E-21
24.7,9.35E-21,24.7,9.34E-21
24.8,9.49E-21,24.8,9.48E-21
24.9,9.55E-21,24.9,9.54E-21
25,9.84E-21,25,9.83E-21
25.1,9.77E-21,25.1,9.76E-21
25.2,1.02E-20,25.2,1.02E-20
25.3,9.96E-21,25.3,9.94E-21
25.4,1.02E-20,25.4,1.02E-20
25.5,1.02E-20,25.5,1.02E-20
25.6,1.08E-20,25.6,1.08E-20
25.7,1.02E-20,25.7,1.01E-20
25.8,1.12E-20,25.8,1.11E-20
25.9,1.03E-20,25.9,1.03E-20
26,1.10E-20,26,1.10E-20
26.1,1.12E-20,26.1,1.12E-20
26.2,1.16E-20,26.2,1.16E-20
26.3,1.05E-20,26.3,1.04E-20
26.4,1.21E-20,26.4,1.21E-20
26.5,1.11E-20,26.5,1.11E-20
26.6,1.20E-20,26.6,1.20E-20
26.7,1.26E-20,26.7,1.25E-20
26.8,1.17E-20,26.8,1.17E-20
26.9,1.10E-20,26.9,1.09E-20
27,1.43E-20,27,1.43E-20
27.1,1.11E-20,27.1,1.10E-20
27.2,1.34E-20,27.2,1.34E-20
27.3,1.34E-20,27.3,1.34E-20
27.4,1.14E-20,27.4,1.14E-20
27.5,1.27E-20,27.5,1.26E-20
27.6,1.64E-20,27.6,1.64E-20
27.7,1.11E-20,27.7,1.11E-20
27.8,1.44E-20,27.8,1.43E-20
27.9,1.46E-20,27.9,1.46E-20
28,1.14E-20,28,1.14E-20
28.1,1.47E-20,28.1,1.47E-20
28.2,1.94E-20,28.2,1.94E-20
28.3,1.01E-20,28.3,1.01E-20
28.4,1.64E-20,28.4,1.64E-20
28.5,1.43E-20,28.5,1.43E-20
28.6,1.64E-20,28.6,1.64E-20
28.7,1.15E-20,28.7,1.14E-20
28.8,2.24E-20,28.8,2.23E-20
28.9,1.16E-20,28.9,1.16E-20
29,1.37E-20,29,1.37E-20
29.1,2.06E-20,29.1,2.06E-20
29.2,2.10E-20,29.2,2.10E-20
29.3,7.16E-21,29.3,7.15E-21
29.4,3.25E-20,29.4,3.24E-20
29.5,1.41E-20,29.5,1.41E-20
29.6,1.15E-20,29.6,1.15E-20
29.7,3.31E-20,29.7,3.31E-20
29.8,1.88E-20,29.8,1.88E-20
29.9,2.52E-21,29.9,2.51E-21
30,6.34E-20,30,6.34E-20
30.1,1.56E-20,30.1,1.56E-20
30.2,1.42E-20,30.2,1.42E-20
30.3,3.43E-20,30.3,3.43E-20
30.4,1.90E-20,30.4,1.89E-20
30.5,1.03E-20,30.5,1.03E-20
30.6,4.83E-20,30.6,4.82E-20
30.7,2.29E-20,30.7,2.29E-20
30.8,1.70E-20,30.8,1.70E-20
30.9,1.58E-20,30.9,1.58E-20
31,7.22E-20,31,7.21E-20
31.1,5.60E-21,31.1,5.61E-21
31.2,6.41E-20,31.2,6.41E-20
31.3,4.28E-20,31.3,4.28E-20
31.4,8.72E-21,31.4,8.72E-21
31.5,4.37E-20,31.5,4.37E-20
31.6,1.08E-19,31.6,1.08E-19
31.7,4.36E-21,31.7,4.38E-21
31.8,7.25E-20,31.8,7.24E-20
31.9,2.02E-20,31.9,2.02E-20
32,1.18E-21,32,1.18E-21
32.1,1.22E-19,32.1,1.22E-19
32.2,1.60E-19,32.2,1.60E-19
32.3,3.05E-20,32.3,3.05E-20
32.4,1.40E-19,32.4,1.40E-19
32.5,3.56E-20,32.5,3.56E-20
32.6,7.51E-20,32.6,7.50E-20
32.7,2.23E-20,32.7,2.23E-20
32.8,8.11E-20,32.8,8.10E-20
32.9,1.55E-20,32.9,1.55E-20
33,1.00E-19,33,1.00E-19
33.1,1.41E-19,33.1,1.41E-19
33.2,1.11E-19,33.2,1.11E-19
33.3,9.69E-20,33.3,9.69E-20
33.4,1.44E-19,33.4,1.44E-19
33.5,1.05E-19,33.5,1.05E-19
33.6,1.89E-19,33.6,1.89E-19
33.7,2.05E-19,33.7,2.05E-19
33.8,7.07E-19,33.8,7.07E-19
33.9,1.07E-18,33.9,1.07E-18
34,1.31E-18,34,1.31E-18
34.1,3.71E-19,34.1,3.71E-19
34.2,7.18E-19,34.2,7.18E-19
34.3,6.18E-19,34.3,6.18E-19
34.4,1.36E-18,34.4,1.36E-18
34.5,2.76E-18,34.5,2.76E-18
34.6,4.74E-18,34.6,4.74E-18
34.7,1.89E-18,34.7,1.89E-18
34.8,1.88E-18,34.8,1.88E-18
34.9,3.11E-18,34.9,3.11E-18
35,1.21E-18,35,1.21E-18
35.1,2.95E-18,35.1,2.96E-18
35.2,1.10E-17,35.2,1.10E-17
35.3,7.06E-18,35.3,7.06E-18
35.4,1.98E-18,35.4,1.98E-18
35.5,1.17E-17,35.5,1.17E-17
35.6,5.37E-18,35.6,5.37E-18
35.7,2.39E-18,35.7,2.39E-18
35.8,5.15E-18,35.8,5.15E-18
35.9,1.11E-17,35.9,1.11E-17
36,6.61E-18,36,6.61E-18
36.1,2.55E-18,36.1,2.55E-18
36.2,4.05E-18,36.2,4.05E-18
36.3,2.64E-19,36.3,2.63E-19
36.4,3.31E-18,36.4,3.31E-18
36.5,6.04E-18,36.5,6.04E-18
36.6,4.56E-18,36.6,4.56E-18
36.7,5.78E-18,36.7,5.78E-18
36.8,8.41E-18,36.8,8.41E-18
36.9,2.57E-19,36.9,2.57E-19
37,2.38E-18,37,2.38E-18
37.1,5.92E-18,37.1,5.92E-18
37.2,1.26E-17,37.2,1.26E-17
37.3,2.77E-17,37.3,2.77E-17
37.4,3.22E-17,37.4,3.22E-17
37.5,1.77E-17,37.5,1.77E-17
37.6,2.05E-17,37.6,2.05E-17
37.7,4.93E-19,37.7,4.93E-19
37.8,4.43E-17,37.8,4.43E-17
37.9,8.55E-17,37.9,8.55E-17
38,6.01E-17,38,6.01E-17
38.1,4.97E-17,38.1,4.97E-17
38.2,2.13E-17,38.2,2.13E-17
38.3,5.82E-17,38.3,5.82E-17
38.4,3.27E-17,38.4,3.27E-17
38.5,8.36E-17,38.5,8.36E-17
38.6,1.42E-16,38.6,1.42E-16
38.7,1.28E-16,38.7,1.28E-16
38.8,2.38E-16,38.8,2.38E-16
38.9,3.45E-16,38.9,3.45E-16
39,3.41E-16,39,3.41E-16
39.1,7.70E-17,39.1,7.70E-17
39.2,1.43E-16,39.2,1.43E-16
39.3,4.40E-16,39.3,4.40E-16
39.4,3.38E-16,39.4,3.38E-16
39.5,3.45E-16,39.5,3.45E-16
39.6,8.97E-16,39.6,8.98E-16
39.7,5.30E-16,39.7,5.30E-16
39.8,2.33E-16,39.8,2.33E-16
39.9,1.15E-15,39.9,1.15E-15
40,7.44E-16,40,7.44E-16
40.1,3.75E-16,40.1,3.75E-16
40.2,1.98E-15,40.2,1.98E-15
40.3,2.51E-15,40.3,2.51E-15
40.4,2.12E-16,40.4,2.12E-16
40.5,1.18E-15,40.5,1.18E-15
40.6,2.15E-15,40.6,2.15E-15
40.7,1.21E-15,40.7,1.21E-15
40.8,7.27E-16,40.8,7.27E-16
40.9,1.03E-15,40.9,1.03E-15
41,3.99E-16,41,3.99E-16
41.1,1.69E-15,41.1,1.69E-15
41.2,7.03E-15,41.2,7.03E-15
41.3,5.76E-15,41.3,5.76E-15
41.4,1.62E-15,41.4,1.62E-15
41.5,3.34E-16,41.5,3.34E-16
41.6,7.05E-16,41.6,7.06E-16
41.7,2.78E-16,41.7,2.78E-16
41.8,2.65E-15,41.8,2.65E-15
41.9,7.53E-15,41.9,7.53E-15
42,8.56E-15,42,8.56E-15
42.1,1.97E-15,42.1,1.97E-15
42.2,8.91E-16,42.2,8.91E-16
42.3,3.90E-15,42.3,3.90E-15
42.4,8.83E-15,42.4,8.83E-15
42.5,7.48E-15,42.5,7.48E-15
42.6,2.69E-15,42.6,2.69E-15
42.7,3.01E-16,42.7,3.01E-16
42.8,1.80E-15,42.8,1.80E-15
42.9,2.54E-14,42.9,2.54E-14
43,4.27E-14,43,4.27E-14
43.1,1.66E-14,43.1,1.66E-14
43.2,2.32E-15,43.2,2.32E-15
43.3,2.43E-15,43.3,2.43E-15
43.4,5.92E-15,43.4,5.92E-15
43.5,5.11E-14,43.5,5.11E-14
43.6,6.75E-14,43.6,6.75E-14
43.7,3.58E-14,43.7,3.58E-14
43.8,1.74E-14,43.8,1.74E-14
43.9,3.94E-14,43.9,3.94E-14
44,4.46E-14,44,4.46E-14
44.1,1.03E-13,44.1,1.03E-13
44.2,1.98E-13,44.2,1.98E-13
44.3,2.59E-13,44.3,2.59E-13
44.4,5.99E-14,44.4,5.99E-14
44.5,7.47E-14,44.5,7.47E-14
44.6,6.78E-14,44.6,6.78E-14
44.7,8.70E-14,44.7,8.70E-14
44.8,1.59E-13,44.8,1.59E-13
44.9,8.91E-14,44.9,8.91E-14
45,3.12E-14,45,3.12E-14
45.1,1.27E-13,45.1,1.27E-13
45.2,1.33E-13,45.2,1.33E-13
45.3,9.50E-14,45.3,9.50E-14
45.4,1.38E-13,45.4,1.38E-13
45.5,1.84E-13,45.5,1.84E-13
45.6,1.23E-13,45.6,1.23E-13
45.7,1.18E-13,45.7,1.18E-13
45.8,2.24E-13,45.8,2.24E-13
45.9,2.55E-13,45.9,2.55E-13
46,3.28E-13,46,3.28E-13
46.1,2.22E-13,46.1,2.22E-13
46.2,1.58E-14,46.2,1.58E-14
46.3,2.24E-13,46.3,2.24E-13
46.4,6.02E-13,46.4,6.02E-13
46.5,2.66E-13,46.5,2.66E-13
46.6,3.90E-13,46.6,3.90E-13
46.7,6.22E-13,46.7,6.22E-13
46.8,3.04E-13,46.8,3.04E-13
46.9,1.66E-13,46.9,1.66E-13
47,1.11E-13,47,1.11E-13
47.1,1.11E-13,47.1,1.11E-13
47.2,1.84E-14,47.2,1.84E-14
47.3,1.02E-13,47.3,1.02E-13
47.4,3.10E-13,47.4,3.10E-13
47.5,2.01E-13,47.5,2.01E-13
47.6,2.46E-14,47.6,2.46E-14
47.7,3.59E-15,47.7,3.59E-15
47.8,4.21E-14,47.8,4.21E-14
47.9,2.24E-14,47.9,2.24E-14
48,1.37E-15,48,1.37E-15
48.1,1.78E-15,48.1,1.78E-15
48.2,1.39E-15,48.2,1.39E-15
48.3,4.40E-15,48.3,4.40E-15
48.4,1.69E-14,48.4,1.69E-14
48.5,7.60E-15,48.5,7.60E-15
48.6,6.08E-16,48.6,6.08E-16
48.7,5.75E-16,48.7,5.75E-16
48.8,2.04E-15,48.8,2.04E-15
48.9,1.20E-15,48.9,1.20E-15
49,5.35E-16,49,5.35E-16
49.1,9.17E-17,49.1,9.17E-17
49.2,4.43E-17,49.2,4.43E-17
49.3,1.60E-17,49.3,1.60E-17
49.4,1.65E-21,49.4,1.62E-21
49.5,4.77E-18,49.5,4.77E-18
49.6,1.45E-18,49.6,1.45E-18
49.7,3.46E-19,49.7,3.46E-19
49.8,3.44E-19,49.8,3.44E-19
49.9,4.94E-19,49.9,4.94E-19
50,2.96E-19,50,2.95E-19
50.1,5.40E-19,50.1,5.40E-19
50.2,3.45E-19,50.2,3.44E-19
50.3,3.61E-19,50.3,3.61E-19
50.4,3.69E-19,50.4,3.69E-19
50.5,3.76E-19,50.5,3.76E-19
50.6,3.84E-19,50.6,3.84E-19
50.7,3.51E-19,50.7,3.50E-19
50.8,6.14E-19,50.8,6.14E-19
50.9,3.03E-19,50.9,3.03E-19
51,1.34E-18,51,1.34E-18
51.1,7.82E-18,51.1,7.81E-18
51.2,2.16E-18,51.2,2.16E-18
51.3,1.06E-17,51.3,1.06E-17
51.4,6.93E-17,51.4,6.93E-17
51.5,6.11E-17,51.5,6.11E-17
51.6,7.89E-16,51.6,7.89E-16
51.7,1.92E-15,51.7,1.92E-15
51.8,6.46E-15,51.8,6.46E-15
51.9,1.46E-14,51.9,1.46E-14
52,1.17E-15,52,1.17E-15
52.1,1.02E-14,52.1,1.02E-14
52.2,9.55E-14,52.2,9.55E-14
52.3,2.95E-14,52.3,2.95E-14
52.4,2.38E-13,52.4,2.38E-13
52.5,3.08E-13,52.5,3.08E-13
52.6,1.31E-12,52.6,1.31E-12
52.7,4.58E-12,52.7,4.58E-12
52.8,1.64E-12,52.8,1.64E-12
52.9,7.28E-14,52.9,7.29E-14
53,5.55E-12,53,5.55E-12
53.1,7.41E-12,53.1,7.41E-12
53.2,3.66E-12,53.2,3.66E-12
53.3,1.95E-11,53.3,1.95E-11
53.4,1.66E-11,53.4,1.66E-11
53.5,3.14E-12,53.5,3.14E-12
53.6,1.74E-11,53.6,1.74E-11
53.7,6.26E-11,53.7,6.26E-11
53.8,1.15E-10,53.8,1.15E-10
53.9,1.20E-10,53.9,1.20E-10
54,1.43E-10,54,1.43E-10
54.1,4.39E-11,54.1,4.39E-11
54.2,6.04E-11,54.2,6.04E-11
54.3,2.08E-10,54.3,2.08E-10
54.4,1.77E-10,54.4,1.77E-10
54.5,1.61E-10,54.5,1.61E-10
54.6,1.22E-10,54.6,1.22E-10
54.7,5.02E-11,54.7,5.02E-11
54.8,7.13E-11,54.8,7.13E-11
54.9,1.26E-10,54.9,1.26E-10
55,4.52E-10,55,4.52E-10
55.1,4.84E-11,55.1,4.84E-11
55.2,1.54E-10,55.2,1.54E-10
55.3,2.15E-10,55.3,2.15E-10
55.4,3.33E-10,55.4,3.33E-10
55.5,2.99E-10,55.5,2.99E-10
55.6,7.94E-10,55.6,7.94E-10
55.7,3.60E-11,55.7,3.60E-11
55.8,1.09E-09,55.8,1.09E-09
55.9,6.41E-10,55.9,6.41E-10
56,1.56E-09,56,1.56E-09
56.1,1.18E-09,56.1,1.18E-09
56.2,2.98E-10,56.2,2.98E-10
56.3,2.92E-10,56.3,2.92E-10
56.4,1.18E-09,56.4,1.18E-09
56.5,1.27E-09,56.5,1.27E-09
56.6,3.55E-09,56.6,3.55E-09
56.7,1.70E-09,56.7,1.70E-09
56.8,6.91E-10,56.8,6.91E-10
56.9,1.09E-09,56.9,1.09E-09
57,4.41E-10,57,4.40E-10
57.1,1.40E-09,57.1,1.40E-09
57.2,3.81E-09,57.2,3.81E-09
57.3,4.73E-09,57.3,4.73E-09
57.4,1.72E-09,57.4,1.72E-09
57.5,6.00E-10,57.5,6.00E-10
57.6,1.32E-09,57.6,1.32E-09
57.7,4.66E-11,57.7,4.66E-11
57.8,1.05E-10,57.8,1.05E-10
57.9,2.27E-09,57.9,2.27E-09
58,1.50E-09,58,1.50E-09
58.1,4.37E-10,58.1,4.37E-10
58.2,1.97E-09,58.2,1.97E-09
58.3,2.14E-09,58.3,2.14E-09
58.4,3.23E-10,58.4,3.23E-10
58.5,8.08E-10,58.5,8.08E-10
58.6,9.67E-11,58.6,9.66E-11
58.7,1.93E-11,58.7,1.93E-11
58.8,2.03E-09,58.8,2.03E-09
58.9,4.55E-09,58.9,4.55E-09
59,2.84E-09,59,2.84E-09
59.1,6.62E-09,59.1,6.62E-09
59.2,7.66E-09,59.2,7.66E-09
59.3,4.10E-09,59.3,4.11E-09
59.4,3.21E-09,59.4,3.21E-09
59.5,5.78E-10,59.5,5.78E-10
59.6,1.21E-09,59.6,1.21E-09
59.7,1.41E-08,59.7,1.41E-08
59.8,4.08E-08,59.8,4.08E-08
59.9,2.32E-08,59.9,2.32E-08
60,4.13E-09,60,4.13E-09
60.1,3.40E-09,60.1,3.40E-09
60.2,7.79E-10,60.2,7.80E-10
60.3,3.03E-09,60.3,3.03E-09
60.4,1.85E-08,60.4,1.86E-08
60.5,4.11E-08,60.5,4.11E-08
60.6,2.41E-08,60.6,2.41E-08
60.7,1.34E-08,60.7,1.34E-08
60.8,4.15E-09,60.8,4.15E-09
60.9,5.91E-10,60.9,5.92E-10
61,1.21E-08,61,1.21E-08
61.1,9.67E-08,61.1,9.67E-08
61.2,6.99E-08,61.2,6.99E-08
61.3,1.04E-08,61.3,1.04E-08
61.4,6.75E-09,61.4,6.74E-09
61.5,7.44E-10,61.5,7.42E-10
61.6,1.59E-08,61.6,1.59E-08
61.7,5.75E-08,61.7,5.75E-08
61.8,3.30E-08,61.8,3.30E-08
61.9,4.27E-08,61.9,4.27E-08
62,3.37E-08,62,3.37E-08
62.1,1.18E-08,62.1,1.18E-08
62.2,1.16E-08,62.2,1.16E-08
62.3,4.02E-08,62.3,4.02E-08
62.4,7.50E-08,62.4,7.50E-08
62.5,8.84E-08,62.5,8.84E-08
62.6,1.11E-07,62.6,1.11E-07
62.7,6.93E-08,62.7,6.93E-08
62.8,6.39E-08,62.8,6.39E-08
62.9,4.81E-08,62.9,4.81E-08
63,1.01E-07,63,1.01E-07
63.1,1.32E-07,63.1,1.32E-07
63.2,8.56E-08,63.2,8.56E-08
63.3,8.20E-08,63.3,8.20E-08
63.4,4.39E-08,63.4,4.39E-08
63.5,6.94E-08,63.5,6.94E-08
63.6,2.48E-08,63.6,2.48E-08
63.7,2.68E-08,63.7,2.68E-08
63.8,1.09E-07,63.8,1.09E-07
63.9,3.80E-07,63.9,3.80E-07
64,9.74E-08,64,9.74E-08
64.1,3.91E-09,64.1,3.90E-09
64.2,2.01E-07,64.2,2.01E-07
64.3,2.57E-07,64.3,2.57E-07
64.4,1.21E-07,64.4,1.21E-07
64.5,8.85E-08,64.5,8.85E-08
64.6,3.15E-07,64.6,3.15E-07
64.7,8.34E-08,64.7,8.34E-08
64.8,2.53E-07,64.8,2.53E-07
64.9,6.90E-08,64.9,6.90E-08
65,3.81E-07,65,3.81E-07
65.1,4.53E-07,65.1,4.53E-07
65.2,9.33E-08,65.2,9.33E-08
65.3,1.61E-07,65.3,1.61E-07
65.4,3.87E-08,65.4,3.87E-08
65.5,8.18E-08,65.5,8.18E-08
65.6,1.38E-09,65.6,1.38E-09
65.7,3.20E-07,65.7,3.20E-07
65.8,5.08E-07,65.8,5.08E-07
65.9,1.89E-07,65.9,1.89E-07
66,4.87E-07,66,4.87E-07
66.1,5.70E-07,66.1,5.70E-07
66.2,2.47E-07,66.2,2.47E-07
66.3,5.86E-08,66.3,5.86E-08
66.4,2.26E-06,66.4,2.26E-06
66.5,2.86E-06,66.5,2.86E-06
66.6,2.37E-06,66.6,2.37E-06
66.7,2.79E-06,66.7,2.79E-06
66.8,3.97E-07,66.8,3.97E-07
66.9,5.01E-07,66.9,5.01E-07
67,7.76E-07,67,7.76E-07
67.1,2.62E-06,67.1,2.62E-06
67.2,3.10E-06,67.2,3.10E-06
67.3,3.44E-06,67.3,3.44E-06
67.4,2.16E-06,67.4,2.16E-06
67.5,3.13E-06,67.5,3.13E-06
67.6,4.81E-06,67.6,4.81E-06
67.7,5.48E-06,67.7,5.48E-06
67.8,3.15E-06,67.8,3.15E-06
67.9,4.48E-06,67.9,4.48E-06
68,2.48E-06,68,2.48E-06
68.1,5.39E-06,68.1,5.39E-06
68.2,1.36E-05,68.2,1.36E-05
68.3,7.74E-06,68.3,7.74E-06
68.4,5.89E-06,68.4,5.89E-06
68.5,5.04E-06,68.5,5.04E-06
68.6,1.01E-06,68.6,1.01E-06
68.7,1.64E-05,68.7,1.64E-05
68.8,3.16E-05,68.8,3.16E-05
68.9,2.70E-05,68.9,2.70E-05
69,1.94E-05,69,1.94E-05
69.1,3.96E-06,69.1,3.96E-06
69.2,6.12E-06,69.2,6.12E-06
69.3,6.04E-06,69.3,6.04E-06
69.4,7.15E-06,69.4,7.15E-06
69.5,1.62E-05,69.5,1.62E-05
69.6,1.18E-05,69.6,1.18E-05
69.7,1.43E-05,69.7,1.43E-05
69.8,1.55E-05,69.8,1.56E-05
69.9,2.30E-05,69.9,2.30E-05
70,1.72E-05,70,1.72E-05
70.1,8.90E-06,70.1,8.90E-06
70.2,8.09E-07,70.2,8.09E-07
70.3,4.23E-06,70.3,4.23E-06
70.4,1.67E-05,70.4,1.67E-05
70.5,2.77E-05,70.5,2.77E-05
70.6,4.77E-05,70.6,4.77E-05
70.7,1.04E-05,70.7,1.04E-05
70.8,6.65E-06,70.8,6.65E-06
70.9,1.38E-05,70.9,1.38E-05
71,1.40E-05,71,1.40E-05
71.1,1.27E-05,71.1,1.27E-05
71.2,1.54E-05,71.2,1.54E-05
71.3,2.17E-05,71.3,2.17E-05
71.4,1.31E-07,71.4,1.30E-07
71.5,2.72E-05,71.5,2.72E-05
71.6,2.76E-05,71.6,2.77E-05
71.7,2.16E-06,71.7,2.17E-06
71.8,1.04E-05,71.8,1.04E-05
71.9,6.20E-05,71.9,6.20E-05
72,5.94E-05,72,5.94E-05
72.1,7.86E-05,72.1,7.86E-05
72.2,9.86E-05,72.2,9.86E-05
72.3,4.52E-05,72.3,4.52E-05
72.4,1.84E-06,72.4,1.84E-06
72.5,2.62E-05,72.5,2.62E-05
72.6,6.32E-05,72.6,6.32E-05
72.7,7.48E-05,72.7,7.48E-05
72.8,0.00012226,72.8,0.000122259
72.9,0.000114991,72.9,0.000114985
73,3.24E-05,73,3.24E-05
73.1,0.000111239,73.1,0.000111235
73.2,8.94E-05,73.2,8.94E-05
73.3,2.70E-05,73.3,2.70E-05
73.4,3.51E-05,73.4,3.51E-05
73.5,3.18E-05,73.5,3.18E-05
73.6,1.70E-05,73.6,1.70E-05
73.7,0.000156232,73.7,0.000156204
73.8,0.000177385,73.8,0.000177378
73.9,7.05E-05,73.9,7.05E-05
74,3.07E-05,74,3.07E-05
74.1,4.43E-05,74.1,4.43E-05
74.2,3.44E-05,74.2,3.44E-05
74.3,1.48E-05,74.3,1.48E-05
74.4,0.000136193,74.4,0.000136188
74.5,0.000147452,74.5,0.000147468
74.6,6.28E-05,74.6,6.28E-05
74.7,4.81E-05,74.7,4.81E-05
74.8,3.39E-05,74.8,3.39E-05
74.9,6.08E-06,74.9,6.07E-06
75,3.39E-05,75,3.39E-05
75.1,9.93E-05,75.1,9.93E-05
75.2,5.35E-05,75.2,5.35E-05
75.3,2.05E-05,75.3,2.05E-05
75.4,2.56E-05,75.4,2.56E-05
75.5,4.26E-06,75.5,4.26E-06
75.6,3.35E-06,75.6,3.34E-06
75.7,1.48E-05,75.7,1.48E-05
75.8,1.61E-05,75.8,1.61E-05
75.9,1.26E-05,75.9,1.26E-05
76,0.000104254,76,0.000104262
76.1,9.94E-05,76.1,9.94E-05
76.2,1.31E-05,76.2,1.31E-05
76.3,7.12E-06,76.3,7.12E-06
76.4,3.17E-06,76.4,3.16E-06
76.5,2.74E-05,76.5,2.73E-05
76.6,2.57E-05,76.6,2.57E-05
76.7,1.59E-05,76.7,1.59E-05
76.8,5.59E-06,76.8,5.58E-06
76.9,7.58E-05,76.9,7.58E-05
77,7.59E-05,77,7.59E-05
77.1,1.32E-05,77.1,1.32E-05
77.2,1.88E-05,77.2,1.88E-05
77.3,6.04E-06,77.3,6.04E-06
77.4,2.50E-05,77.4,2.50E-05
77.5,4.15E-05,77.5,4.15E-05
77.6,4.42E-05,77.6,4.42E-05
77.7,6.58E-07,77.7,6.58E-07
77.8,3.04E-05,77.8,3.04E-05
77.9,3.38E-05,77.9,3.38E-05
78,3.19E-05,78,3.19E-05
78.1,3.76E-05,78.1,3.76E-05
78.2,0.000153887,78.2,0.000153893
78.3,0.000105716,78.3,0.000105712
78.4,1.28E-05,78.4,1.28E-05
78.5,1.94E-05,78.5,1.94E-05
78.6,2.67E-05,78.6,2.67E-05
78.7,5.36E-06,78.7,5.35E-06
78.8,2.13E-05,78.8,2.13E-05
78.9,9.58E-05,78.9,9.58E-05
79,7.31E-05,79,7.31E-05
79.1,2.51E-07,79.1,2.50E-07
79.2,6.46E-05,79.2,6.45E-05
79.3,0.000110315,79.3,0.000110317
79.4,3.74E-05,79.4,3.74E-05
79.5,8.82E-06,79.5,8.85E-06
79.6,7.56E-05,79.6,7.56E-05
79.7,1.71E-05,79.7,1.71E-05
79.8,7.46E-05,79.8,7.46E-05
79.9,9.26E-05,79.9,9.26E-05
80,0.000143408,80,0.000143425
80.1,8.81E-05,80.1,8.81E-05
80.2,2.80E-05,80.2,2.80E-05
80.3,1.55E-05,80.3,1.54E-05
80.4,6.99E-05,80.4,6.99E-05
80.5,0.000153338,80.5,0.000153397
80.6,0.000230385,80.6,0.000230421
80.7,0.000156792,80.7,0.000156752
80.8,0.000147335,80.8,0.000147315
80.9,9.52E-05,80.9,9.52E-05
81,5.52E-06,81,5.52E-06
81.1,0.000209594,81.1,0.000209595
81.2,0.00010293,81.2,0.000102945
81.3,0.000145992,81.3,0.000145983
81.4,0.000147491,81.4,0.000147469
81.5,5.04E-05,81.5,5.04E-05
81.6,1.64E-05,81.6,1.64E-05
81.7,2.65E-05,81.7,2.65E-05
81.8,2.66E-05,81.8,2.66E-05
81.9,8.05E-05,81.9,8.05E-05
82,0.000208229,82,0.000208315
82.1,0.000441761,82.1,0.000441733
82.2,0.000219148,82.2,0.000219117
82.3,8.15E-06,82.3,8.12E-06
82.4,5.88E-05,82.4,5.89E-05
82.5,3.22E-05,82.5,3.23E-05
82.6,0.000184853,82.6,0.000184852
82.7,0.000525213,82.7,0.000525212
82.8,0.000409536,82.8,0.000409536
82.9,0.000381054,82.9,0.000381013
83,0.000229628,83,0.000229599
83.1,5.75E-05,83.1,5.75E-05
83.2,6.02E-05,83.2,6.02E-05
83.3,0.000138787,83.3,0.00013882
83.4,0.00023051,83.4,0.000230541
83.5,0.000305508,83.5,0.00030552
83.6,6.09E-05,83.6,6.10E-05
83.7,0.000228808,83.7,0.000228755
83.8,0.000598801,83.8,0.00059877
83.9,0.000417262,83.9,0.00041738
84,0.000291707,84,0.00029183
84.1,0.000402371,84.1,0.000402423
84.2,4.57E-05,84.2,4.57E-05
84.3,0.000246981,84.3,0.000247035
84.4,0.00103002,84.4,0.00103017
84.5,0.000946119,84.5,0.000946217
84.6,0.000218058,84.6,0.00021802
84.7,1.53E-05,84.7,1.53E-05
84.8,8.61E-05,84.8,8.61E-05
84.9,3.11E-05,84.9,3.11E-05
85,0.000429303,85,0.000429245
85.1,0.000711071,85.1,0.000711041
85.2,0.000393086,85.2,0.000392931
85.3,0.000288736,85.3,0.000288625
85.4,5.93E-05,85.4,5.93E-05
85.5,0.00025014,85.5,0.000250085
85.6,0.000204491,85.6,0.00020441
85.7,0.000424196,85.7,0.000424165
85.8,0.000718587,85.8,0.000718493
85.9,0.000156035,85.9,0.000156097
86,0.000715193,86,0.000715003
86.1,0.00142066,86.1,0.00142048
86.2,0.000583219,86.2,0.000583146
86.3,0.000473437,86.3,0.000473261
86.4,0.000506171,86.4,0.000506067
86.5,0.000366373,86.5,0.000366379
86.6,0.000376267,86.6,0.000376293
86.7,0.000785186,86.7,0.000785294
86.8,0.000272026,86.8,0.000271965
86.9,0.00020768,86.9,0.000207666
87,0.0001607,87,0.000160621
87.1,0.000194965,87.1,0.000194955
87.2,1.15E-05,87.2,1.15E-05
87.3,0.000627832,87.3,0.000627806
87.4,0.00102879,87.4,0.00102834
87.5,0.00015588,87.5,0.000155853
87.6,6.59E-05,87.6,6.59E-05
87.7,6.53E-05,87.7,6.53E-05
87.8,1.42E-05,87.8,1.42E-05
87.9,1.00E-05,87.9,1.00E-05
88,0.000144154,88,0.000144199
88.1,0.000260353,88.1,0.000260477
88.2,0.000423158,88.2,0.000422909
88.3,0.0013419,88.3,0.00134195
88.4,0.000478687,88.4,0.000478776
88.5,2.14E-05,88.5,2.14E-05
88.6,6.09E-05,88.6,6.09E-05
88.7,0.000127572,88.7,0.000127671
88.8,0.000295015,88.8,0.000295164
88.9,0.000850386,88.9,0.000850545
89,0.00164275,89,0.00164257
89.1,0.000523433,89.1,0.000523442
89.2,0.000454166,89.2,0.000454257
89.3,0.000675526,89.3,0.000675504
89.4,0.000259603,89.4,0.000259603
89.5,0.000590349,89.5,0.000590075
89.6,0.00195679,89.6,0.00195607
89.7,0.0013435,89.7,0.00134306
89.8,0.00109952,89.8,0.00109969
89.9,0.00165467,89.9,0.00165482
90,0.00141337,90,0.00141349
90.1,0.000684111,90.1,0.000683956
90.2,0.000756455,90.2,0.000755318
90.3,0.00183247,90.3,0.00183026
90.4,0.000776458,90.4,0.000776576
90.5,0.00165592,90.5,0.00165598
90.6,0.00366555,90.6,0.0036654
90.7,0.00344092,90.7,0.00344121
90.8,0.00172222,90.8,0.0017224
90.9,0.000776814,90.9,0.000776958
91,0.000512101,91,0.000512487
91.1,0.00151612,91.1,0.00151655
91.2,0.00326213,91.2,0.00326172
91.3,0.00294557,91.3,0.00294619
91.4,0.00283181,91.4,0.00283216
91.5,0.00174755,91.5,0.00174746
91.6,0.000682418,91.6,0.000682316
91.7,0.00109294,91.7,0.00109299
91.8,0.00229167,91.8,0.00229156
91.9,0.00334296,91.9,0.00334225
92,0.00244639,92,0.00244631
92.1,0.000554266,92.1,0.000554395
92.2,0.00111418,92.2,0.00111396
92.3,0.000614912,92.3,0.000615012
92.4,0.000807535,92.4,0.000807862
92.5,0.00119923,92.5,0.00119946
92.6,0.00150043,92.6,0.00150074
92.7,0.0018849,92.7,0.00188508
92.8,0.0021869,92.8,0.00218678
92.9,0.00238477,92.9,0.00238467
93,0.00217941,93,0.00217949
93.1,0.000703713,93.1,0.000702095
93.2,0.00016696,93.2,0.000166915
93.3,9.75E-05,93.3,9.77E-05
93.4,0.00119975,93.4,0.00119963
93.5,0.00313355,93.5,0.00313338
93.6,0.002722,93.6,0.00272152
93.7,0.00089262,93.7,0.000892464
93.8,0.00141699,93.8,0.00141743
93.9,0.00283205,93.9,0.00283156
94,0.00174568,94,0.00174546
94.1,0.00198764,94.1,0.00198735
94.2,0.00318643,94.2,0.00318691
94.3,0.00260813,94.3,0.00260775
94.4,0.00429302,94.4,0.00429177
94.5,0.00767033,94.5,0.00767139
94.6,0.00425931,94.6,0.00425989
94.7,0.00103102,94.7,0.00103095
94.8,0.00121584,94.8,0.00121561
94.9,0.00142009,94.9,0.00142011
95,0.00142435,95,0.00142493
95.1,0.0050691,95.1,0.00506955
95.2,0.00432183,95.2,0.00432152
95.3,0.0015685,95.3,0.0015686
95.4,0.00087181,95.4,0.00087212
95.5,0.000196437,95.5,0.000196411
95.6,3.25E-05,95.6,3.25E-05
95.7,0.000823504,95.7,0.000823782
95.8,0.00221777,95.8,0.00221782
95.9,0.00112982,95.9,0.0011294
96,0.00164058,96,0.00164187
96.1,0.00122714,96.1,0.001227
96.2,0.000438192,96.2,0.000438039
96.3,7.30E-05,96.3,7.28E-05
96.4,0.000141864,96.4,0.000141824
96.5,0.000371128,96.5,0.000371033
96.6,0.000335907,96.6,0.000335981
96.7,0.00185622,96.7,0.00185674
96.8,0.00181809,96.8,0.00181781
96.9,0.00073644,96.9,0.000736694
97,0.000215604,97,0.000215484
97.1,0.000141458,97.1,0.000141533
97.2,0.000140386,97.2,0.000140486
97.3,0.000606149,97.3,0.000606279
97.4,0.000247565,97.4,0.000247528
97.5,0.000190989,97.5,0.000191102
97.6,0.000244667,97.6,0.00024477
97.7,0.000306797,97.7,0.000306751
97.8,0.000214983,97.8,0.000215004
97.9,2.49E-05,97.9,2.49E-05
98,1.88E-05,98,1.88E-05
98.1,1.55E-05,98.1,1.55E-05
98.2,1.55E-05,98.2,1.54E-05
98.3,3.29E-05,98.3,3.29E-05
98.4,4.03E-05,98.4,4.03E-05
98.5,2.20E-05,98.5,2.20E-05
98.6,2.02E-06,98.6,2.02E-06
98.7,1.70E-07,98.7,1.71E-07
98.8,1.04E-06,98.8,1.03E-06
98.9,7.56E-07,98.9,7.56E-07
99,1.59E-06,99,1.59E-06
99.1,1.62E-06,99.1,1.62E-06
99.2,7.96E-08,99.2,7.95E-08
99.3,5.99E-08,99.3,5.99E-08
99.4,5.39E-09,99.4,5.39E-09
99.5,1.97E-08,99.5,1.96E-08
99.6,1.19E-08,99.6,1.19E-08
99.7,1.02E-08,99.7,1.02E-08
99.8,4.32E-09,99.8,4.32E-09
99.9,1.20E-09,99.9,1.20E-09
100,1.19E-10,100,1.19E-10
100.1,7.68E-11,100.1,7.69E-11
100.2,7.42E-11,100.2,7.42E-11
100.3,1.91E-11,100.3,1.91E-11
100.4,4.40E-13,100.4,4.40E-13
100.5,9.52E-13,100.5,9.52E-13
100.6,1.71E-13,100.6,1.71E-13
100.7,2.93E-14,100.7,2.94E-14
100.8,2.97E-14,100.8,2.96E-14
100.9,3.51E-14,100.9,3.52E-14
101,4.11E-14,101,4.11E-14
101.1,5.95E-14,101.1,5.95E-14
101.2,1.88E-14,101.2,1.88E-14
101.3,4.06E-13,101.3,4.06E-13
101.4,1.95E-12,101.4,1.94E-12
101.5,1.57E-11,101.5,1.57E-11
101.6,3.24E-11,101.6,3.24E-11
101.7,1.86E-10,101.7,1.86E-10
101.8,1.51E-09,101.8,1.51E-09
101.9,5.03E-09,101.9,5.03E-09
102,6.73E-09,102,6.73E-09
102.1,2.55E-09,102.1,2.55E-09
102.2,1.81E-09,102.2,1.81E-09
102.3,6.30E-09,102.3,6.30E-09
102.4,1.60E-07,102.4,1.60E-07
102.5,7.99E-07,102.5,7.99E-07
102.6,7.90E-07,102.6,7.90E-07
102.7,8.87E-07,102.7,8.87E-07
102.8,8.03E-07,102.8,8.03E-07
102.9,2.75E-06,102.9,2.75E-06
103,3.81E-06,103,3.81E-06
103.1,3.37E-06,103.1,3.37E-06
103.2,9.39E-06,103.2,9.38E-06
103.3,2.65E-05,103.3,2.65E-05
103.4,2.43E-05,103.4,2.43E-05
103.5,8.11E-05,103.5,8.11E-05
103.6,0.000108029,103.6,0.000108037
103.7,7.73E-05,103.7,7.73E-05
103.8,8.04E-05,103.8,8.04E-05
103.9,1.00E-04,103.9,9.98E-05
104,6.26E-05,104,6.24E-05
104.1,0.000606492,104.1,0.000606434
104.2,0.00147904,104.2,0.00147883
104.3,0.00120618,104.3,0.00120602
104.4,0.000811966,104.4,0.000811856
104.5,0.000422575,104.5,0.000422697
104.6,0.000124605,104.6,0.000124513
104.7,0.00117636,104.7,0.00117602
104.8,0.00222679,104.8,0.00222682
104.9,0.0032798,104.9,0.00327985
105,0.0027882,105,0.00278856
105.1,0.00199496,105.1,0.00199478
105.2,0.00373673,105.2,0.0037365
105.3,0.00466479,105.3,0.00466635
105.4,0.00245569,105.4,0.00245706
105.5,0.00175574,105.5,0.00175624
105.6,0.00289514,105.6,0.00289615
105.7,0.00183033,105.7,0.00183042
105.8,0.00426664,105.8,0.00426661
105.9,0.00644145,105.9,0.00644199
106,0.00393438,106,0.00393379
106.1,0.00112383,106.1,0.00112445
106.2,0.000201671,106.2,0.000202008
106.3,0.0010252,106.3,0.00102527
106.4,0.00241805,106.4,0.00241754
106.5,0.00514432,106.5,0.00514189
106.6,0.00374127,106.6,0.00373845
106.7,0.00386964,106.7,0.00387044
106.8,0.000671075,106.8,0.000672324
106.9,0.000831838,106.9,0.000830114
107,0.00108841,107,0.00108739
107.1,0.00235927,107.1,0.00235846
107.2,0.00342721,107.2,0.0034268
107.3,0.00249461,107.3,0.00249491
107.4,0.00500818,107.4,0.00500947
107.5,0.00433963,107.5,0.00433864
107.6,0.00201432,107.6,0.00201372
107.7,0.000385901,107.7,0.000386116
107.8,0.000386653,107.8,0.000386605
107.9,0.000659193,107.9,0.000659105
108,0.00228764,108,0.00228682
108.1,0.00474225,108.1,0.00474271
108.2,0.00237839,108.2,0.00237889
108.3,0.00163764,108.3,0.00163788
108.4,0.00100304,108.4,0.001003
108.5,0.000621438,108.5,0.000621503
108.6,0.00148372,108.6,0.00148443
108.7,0.00335117,108.7,0.00335196
108.8,0.00353497,108.8,0.00353512
108.9,0.00240337,108.9,0.00240575
109,0.00215665,109,0.00215585
109.1,0.00107012,109.1,0.00106981
109.2,0.00115641,109.2,0.00115598
109.3,0.00180372,109.3,0.00180404
109.4,0.00165451,109.4,0.001655
109.5,0.00128943,109.5,0.00128923
109.6,0.00284914,109.6,0.00284841
109.7,0.00650394,109.7,0.00650152
109.8,0.00456687,109.8,0.00456674
109.9,0.00136993,109.9,0.00137053
110,0.000258466,110,0.000258228
110.1,0.000374037,110.1,0.000373331
110.2,0.000144134,110.2,0.000144283
110.3,0.00336648,110.3,0.00336572
110.4,0.00297172,110.4,0.00296942
110.5,0.00343141,110.5,0.00343338
110.6,0.00299894,110.6,0.00300027
110.7,0.000172885,110.7,0.00017263
110.8,0.000138553,110.8,0.00013879
110.9,0.000436936,110.9,0.000437128
111,0.00199286,111,0.00199308
111.1,0.00208648,111.1,0.00208636
111.2,0.00182093,111.2,0.00182011
111.3,0.00114221,111.3,0.00114187
111.4,0.00138892,111.4,0.00138923
111.5,0.0022172,111.5,0.00221821
111.6,0.000453698,111.6,0.00045372
111.7,0.000584265,111.7,0.000584314
111.8,0.000321582,111.8,0.000319649
111.9,0.000420568,111.9,0.000422951
112,0.00191802,112,0.00191813
112.1,0.0016001,112.1,0.00159939
112.2,0.000573859,112.2,0.000573488
112.3,9.38E-07,112.3,9.18E-07
112.4,0.000220617,112.4,0.00022038
112.5,0.000499564,112.5,0.000499249
112.6,0.00109621,112.6,0.00109518
112.7,0.000551425,112.7,0.000551829
112.8,0.00116274,112.8,0.00116289
112.9,0.000356615,112.9,0.00035618
113,0.000685582,113,0.000685557
113.1,0.00099119,113.1,0.000990979
113.2,0.00212349,113.2,0.00212397
113.3,0.00215991,113.3,0.00216014
113.4,0.00159369,113.4,0.00159206
113.5,0.000198739,113.5,0.00019899
113.6,0.000532595,113.6,0.000532208
113.7,0.000610664,113.7,0.000610726
113.8,0.000797076,113.8,0.000796344
113.9,0.00125349,113.9,0.00125267
114,0.000463049,114,0.000463307
114.1,0.00093442,114.1,0.00093563
114.2,0.00193322,114.2,0.00193234
114.3,0.00265361,114.3,0.00265321
114.4,0.000449307,114.4,0.000448938
114.5,0.000362646,114.5,0.000362236
114.6,0.000546484,114.6,0.000545384
114.7,0.000770954,114.7,0.000767103
114.8,0.000218284,114.8,0.00021963
114.9,0.00151961,114.9,0.00151979
115,0.00206025,115,0.00206066
115.1,0.000414094,115.1,0.000413841
115.2,0.000423866,115.2,0.000424094
115.3,5.65E-05,115.3,5.67E-05
115.4,0.000203721,115.4,0.00020418
115.5,0.00078681,115.5,0.000786554
115.6,0.00233588,115.6,0.00233614
115.7,0.000676587,115.7,0.000676894
115.8,0.000425833,115.8,0.000424837
115.9,0.000799954,115.9,0.000800196
116,0.000178214,116,0.000178733
116.1,0.000498712,116.1,0.000499026
116.2,0.00178531,116.2,0.00178548
116.3,0.00149219,116.3,0.0014931
116.4,0.000288671,116.4,0.000288973
116.5,0.00136873,116.5,0.00136853
116.6,0.00232903,116.6,0.00232957
116.7,0.00107937,116.7,0.00107982
116.8,0.000439457,116.8,0.000439322
116.9,0.00129298,116.9,0.00129216
117,0.000669995,117,0.000670417
117.1,0.00143722,117.1,0.00143695
117.2,0.00377211,117.2,0.00377343
117.3,0.000842927,117.3,0.000843092
117.4,0.000134847,117.4,0.000134694
117.5,4.98E-05,117.5,4.97E-05
117.6,3.74E-05,117.6,3.72E-05
117.7,0.000878878,117.7,0.000879352
117.8,0.00304036,117.8,0.00304049
117.9,0.00452137,117.9,0.00451884
118,0.00228996,118,0.00228899
118.1,4.43E-05,118.1,4.45E-05
118.2,0.000577997,118.2,0.000578408
118.3,0.000324765,118.3,0.000325014
118.4,0.00101581,118.4,0.0010166
118.5,0.0028245,118.5,0.00282647
118.6,0.00120026,118.6,0.00120091
118.7,0.000705195,118.7,0.000705387
118.8,0.00192302,118.8,0.00192371
118.9,0.00162968,118.9,0.00163012
119,0.00107936,119,0.00107973
119.1,0.00104888,119.1,0.00104973
119.2,0.000821175,119.2,0.000821341
119.3,0.000104391,119.3,0.000104493
119.4,0.00232979,119.4,0.00232994
119.5,0.00303049,119.5,0.00303255
119.6,0.00138705,119.6,0.00138724
119.7,0.000203207,119.7,0.000203726
119.8,1.27E-05,119.8,1.26E-05
119.9,0.000107907,119.9,0.00010797
120,0.00105056,120,0.00105077
120.1,0.00102967,120.1,0.00103013
120.2,0.000994003,120.2,0.000994642
120.3,0.000408699,120.3,0.00040837
120.4,0.00025734,120.4,0.000258084
120.5,0.00137181,120.5,0.00137415
120.6,0.00110129,120.6,0.00110266
120.7,0.00104387,120.7,0.0010441
120.8,0.000375403,120.8,0.000375449
120.9,0.000872855,120.9,0.000872558
121,0.00107096,121,0.00107091
121.1,0.00228646,121.1,0.00228685
121.2,0.00230442,121.2,0.00230593
121.3,0.000593386,121.3,0.000593733
121.4,6.99E-05,121.4,7.00E-05
121.5,0.000280247,121.5,0.000280463
121.6,0.000659277,121.6,0.000659532
121.7,0.00246851,121.7,0.00246953
121.8,0.00479566,121.8,0.00479521
121.9,0.0033927,121.9,0.00339234
122,0.0010183,122,0.00101956
122.1,0.00227263,122.1,0.00227331
122.2,0.00225331,122.2,0.00225374
122.3,0.00144548,122.3,0.00144553
122.4,0.00335697,122.4,0.00335778
122.5,0.00332285,122.5,0.00332311
122.6,0.00168688,122.6,0.00168586
122.7,0.00190192,122.7,0.00189627
122.8,0.00194894,122.8,0.00194809
122.9,0.000349718,122.9,0.000349487
123,0.00110578,123,0.00110617
123.1,0.00218076,123.1,0.00218078
123.2,0.000501008,123.2,0.000500973
123.3,0.0028586,123.3,0.0028599
123.4,0.00206641,123.4,0.00206828
123.5,0.000856982,123.5,0.000857577
123.6,3.98E-05,123.6,3.98E-05
123.7,6.99E-05,123.7,6.98E-05
123.8,0.000182011,123.8,0.000181562
123.9,0.00146689,123.9,0.00146685
124,0.00274259,124,0.0027442
124.1,0.00267981,124.1,0.00268143
124.2,0.00116446,124.2,0.00116391
124.3,0.000989443,124.3,0.000989891
124.4,0.000852799,124.4,0.000852792
124.5,0.000275079,124.5,0.000274761
124.6,0.000728605,124.6,0.000728985
124.7,0.000665809,124.7,0.000666688
124.8,0.000628876,124.8,0.000628757
124.9,0.00112364,124.9,0.00112311
125,0.00376744,125,0.00376741
125.1,0.00306588,125.1,0.00306655
125.2,0.000854617,125.2,0.000855255
125.3,3.03E-05,125.3,3.02E-05
125.4,5.74E-05,125.4,5.73E-05
125.5,0.000570986,125.5,0.000574105
125.6,0.00203174,125.6,0.00203716
125.7,0.0014755,125.7,0.00147543
125.8,0.00135578,125.8,0.00135601
125.9,0.000492349,125.9,0.000492835
126,0.000447981,126,0.000448015
126.1,0.000634608,126.1,0.000634605
126.2,0.000377187,126.2,0.000377031
126.3,0.000928707,126.3,0.000928343
126.4,0.00257995,126.4,0.00257921
126.5,0.000448203,126.5,0.000447734
126.6,0.000948464,126.6,0.000949545
126.7,0.0011258,126.7,0.00112633
126.8,0.000227426,126.8,0.000227424
126.9,0.000179938,126.9,0.000179714
127,0.000210469,127,0.000210685
127.1,7.14E-06,127.1,7.15E-06
127.2,0.000826117,127.2,0.000826311
127.3,0.00103294,127.3,0.00103288
127.4,0.000867788,127.4,0.000867643
127.5,4.52E-07,127.5,4.34E-07
127.6,0.000326928,127.6,0.000327258
127.7,5.39E-05,127.7,5.37E-05
127.8,0.000227648,127.8,0.000227912
127.9,0.000738764,127.9,0.000739258
128,6.57E-05,128,6.57E-05
128.1,0.000440976,128.1,0.000441231
128.2,0.00100894,128.2,0.00100905
128.3,0.000374831,128.3,0.000374661
128.4,0.000165613,128.4,0.000165482
128.5,0.000611399,128.5,0.000611235
128.6,0.000489707,128.6,0.0004898
128.7,0.000150007,128.7,0.000149972
128.8,8.69E-05,128.8,8.72E-05
128.9,0.00038073,128.9,0.00038073
129,0.00105211,129,0.00105159
129.1,0.00101303,129.1,0.00101269
129.2,0.000891475,129.2,0.00089199
129.3,0.000867873,129.3,0.000868123
129.4,0.000743803,129.4,0.000744635
129.5,0.00056783,129.5,0.000568032
129.6,9.20E-05,129.6,9.18E-05
129.7,0.000528312,129.7,0.000528686
129.8,0.00173277,129.8,0.00173272
129.9,0.00280731,129.9,0.00280605
130,0.00108086,130,0.00108099
130.1,6.66E-05,130.1,6.66E-05
130.2,0.000317236,130.2,0.000317326
130.3,0.000366222,130.3,0.000366427
130.4,0.000228648,130.4,0.000228229
130.5,0.000897301,130.5,0.000898232
130.6,0.00118633,130.6,0.00118718
130.7,0.000584834,130.7,0.000585234
130.8,0.0012883,130.8,0.00128876
130.9,0.000639821,130.9,0.000639901
131,0.000253432,131,0.000253617
131.1,0.000180356,131.1,0.000180523
131.2,0.000153714,131.2,0.000153474
131.3,0.000682908,131.3,0.000683136
131.4,0.0021101,131.4,0.0021102
131.5,0.00179663,131.5,0.00179729
131.6,0.000491115,131.6,0.000491457
131.7,0.000123895,131.7,0.000123792
131.8,0.000159517,131.8,0.000159424
131.9,0.000183715,131.9,0.000183923
132,0.00076394,132,0.000763995
132.1,0.00107036,132.1,0.00107048
132.2,0.000343752,132.2,0.00034323
132.3,0.000739615,132.3,0.000739618
132.4,0.00121567,132.4,0.00121618
132.5,0.000253919,132.5,0.00025434
132.6,0.000388557,132.6,0.000388768
132.7,0.000403367,132.7,0.000403594
132.8,7.12E-05,132.8,7.10E-05
132.9,0.000605261,132.9,0.000605379
133,0.00112503,133,0.00112486
133.1,0.00146257,133.1,0.00146166
133.2,0.00203244,133.2,0.00203226
133.3,0.0010244,133.3,0.00102337
133.4,0.00010859,133.4,0.00010713
133.5,0.000157057,133.5,0.000158625
133.6,0.000992545,133.6,0.00099332
133.7,0.000412146,133.7,0.000412258
133.8,0.000743054,133.8,0.000743112
133.9,0.00151858,133.9,0.00151769
134,5.18E-05,134,5.19E-05
134.1,0.000963014,134.1,0.000963353
134.2,0.000689,134.2,0.000689113
134.3,0.000297417,134.3,0.000297346
134.4,0.000808716,134.4,0.000808942
134.5,0.000912407,134.5,0.00091305
134.6,0.000394133,134.6,0.000394156
134.7,0.000897416,134.7,0.000897452
134.8,0.00127896,134.8,0.00127802
134.9,0.000708569,134.9,0.000708251
135,4.59E-05,135,4.59E-05
135.1,7.09E-05,135.1,7.10E-05
135.2,0.0004047,135.2,0.000404621
135.3,0.000838239,135.3,0.000838217
135.4,0.00136099,135.4,0.00135982
135.5,0.000758186,135.5,0.000758153
135.6,0.000290614,135.6,0.000290365
135.7,0.00103813,135.7,0.00103832
135.8,0.000483357,135.8,0.000483697
135.9,0.00022979,135.9,0.000229788
136,0.000804179,136,0.000804495
136.1,0.000915661,136.1,0.000916519
136.2,5.75E-05,136.2,5.75E-05
136.3,0.00141067,136.3,0.00140736
136.4,0.0010971,136.4,0.00109399
136.5,9.51E-05,136.5,9.51E-05
136.6,0.000105697,136.6,0.000105646
136.7,0.000241302,136.7,0.000241448
136.8,0.000192359,136.8,0.000192451
136.9,0.000991719,136.9,0.000992203
137,0.000982141,137,0.000982899
137.1,0.000240149,137.1,0.000240459
137.2,0.000376068,137.2,0.000376231
137.3,8.65E-05,137.3,8.63E-05
137.4,5.08E-05,137.4,5.08E-05
137.5,0.000515568,137.5,0.000515827
137.6,0.00129271,137.6,0.00129263
137.7,0.000505015,137.7,0.000504784
137.8,0.000325192,137.8,0.000325567
137.9,0.000261409,137.9,0.000261273
138,0.000194351,138,0.000194478
138.1,0.000387165,138.1,0.000387278
138.2,0.000314021,138.2,0.000314028
138.3,0.000308839,138.3,0.000308511
138.4,3.89E-05,138.4,3.88E-05
138.5,0.000279535,138.5,0.00027968
138.6,0.00042532,138.6,0.000425262
138.7,0.000180898,138.7,0.000180951
138.8,4.42E-05,138.8,4.41E-05
138.9,0.00011909,138.9,0.000118926
139,0.000166382,139,0.000166121
139.1,9.59E-05,139.1,9.60E-05
139.2,0.000257619,139.2,0.000257921
139.3,0.000151358,139.3,0.000151216
139.4,0.00014201,139.4,0.000142183
139.5,9.68E-06,139.5,9.65E-06
139.6,0.000159073,139.6,0.000158882
139.7,3.17E-05,139.7,3.17E-05
139.8,0.000248362,139.8,0.000248663
139.9,0.000103098,139.9,0.000103235
140,0.000413346,140,0.000413225
140.1,8.19E-05,140.1,8.19E-05
140.2,0.0004386,140.2,0.000438662
140.3,0.000559334,140.3,0.000559159
140.4,0.000178408,140.4,0.000178134
140.5,0.000402539,140.5,0.000401988
140.6,0.000726522,140.6,0.000726333
140.7,0.000343774,140.7,0.000343782
140.8,0.000101501,140.8,0.000101543
140.9,0.000963537,140.9,0.000961358
141,0.000315072,141,0.000314178
141.1,1.96E-05,141.1,1.97E-05
141.2,0.000148415,141.2,0.000148719
141.3,0.000782952,141.3,0.000784747
141.4,0.000182187,141.4,0.000183297
141.5,0.00134525,141.5,0.00134436
141.6,0.00128609,141.6,0.00128561
141.7,0.000227551,141.7,0.000227608
141.8,0.000388943,141.8,0.000389061
141.9,0.00040472,141.9,0.000404865
142,6.77E-05,142,6.76E-05
142.1,8.40E-05,142.1,8.39E-05
142.2,0.000618598,142.2,0.000617183
142.3,0.000717506,142.3,0.000715899
142.4,6.74E-05,142.4,6.71E-05
142.5,0.000644539,142.5,0.000643918
142.6,0.000160553,142.6,0.000160188
142.7,0.000228502,142.7,0.00022922
142.8,0.000654341,142.8,0.00065361
142.9,0.00204316,142.9,0.00204277
143,0.000408377,143,0.000408718
143.1,0.0003177,143.1,0.000317762
143.2,0.00056426,143.2,0.000564184
143.3,0.000407878,143.3,0.000407926
143.4,0.000481353,143.4,0.00048219
143.5,0.00128466,143.5,0.00128511
143.6,0.000223492,143.6,0.000222054
143.7,0.00149264,143.7,0.00149467
143.8,0.00326237,143.8,0.00326292
143.9,0.000854488,143.9,0.000854289
144,0.000389553,144,0.000389372
144.1,0.000237004,144.1,0.000238766
144.2,0.000146602,144.2,0.000150674
144.3,0.000118547,144.3,0.000118787
144.4,0.00107281,144.4,0.00107182
144.5,0.00234143,144.5,0.00234137
144.6,0.000711271,144.6,0.000711059
144.7,0.000477168,144.7,0.000477274
144.8,0.00164787,144.8,0.00164607
144.9,0.00112214,144.9,0.00112252
145,0.000675678,145,0.000676094
145.1,0.0021594,145.1,0.00215861
145.2,0.00112027,145.2,0.00112054
145.3,0.000367267,145.3,0.000367165
145.4,0.00232647,145.4,0.00232476
145.5,0.00444751,145.5,0.00444548
145.6,0.00159711,145.6,0.00159758
145.7,0.000110503,145.7,0.000111491
145.8,0.000332408,145.8,0.00033063
145.9,0.00145478,145.9,0.00145267
146,0.00289556,146,0.00289502
146.1,0.00326112,146.1,0.0032617
146.2,0.00167883,146.2,0.00167931
146.3,0.000211533,146.3,0.000212524
146.4,0.000703381,146.4,0.000703761
146.5,0.00074252,146.5,0.000742156
146.6,0.000689612,146.6,0.000689603
146.7,0.000523301,146.7,0.000521929
146.8,0.00209136,146.8,0.00208752
146.9,0.00121698,146.9,0.0012149
147,0.000994442,147,0.000997968
147.1,0.00162653,147.1,0.00163472
147.2,0.000323027,147.2,0.000324185
147.3,0.000267703,147.3,0.00026789
147.4,0.000299648,147.4,0.000299729
147.5,9.89E-05,147.5,9.89E-05
147.6,0.000114188,147.6,0.000114144
147.7,0.000175468,147.7,0.000175442
147.8,3.80E-05,147.8,3.79E-05
147.9,4.19E-05,147.9,4.17E-05
148,1.45E-05,148,1.45E-05
148.1,1.69E-05,148.1,1.69E-05
148.2,3.24E-05,148.2,3.24E-05
148.3,2.51E-05,148.3,2.51E-05
148.4,1.43E-05,148.4,1.43E-05
148.5,3.98E-06,148.5,3.98E-06
148.6,2.46E-06,148.6,2.46E-06
148.7,3.02E-06,148.7,3.03E-06
148.8,9.87E-07,148.8,9.87E-07
148.9,5.08E-07,148.9,5.07E-07
149,4.11E-07,149,4.10E-07
149.1,1.84E-07,149.1,1.84E-07
149.2,1.23E-07,149.2,1.23E-07
149.3,1.39E-07,149.3,1.38E-07
149.4,1.29E-08,149.4,1.29E-08
149.5,5.75E-09,149.5,5.75E-09
149.6,1.31E-09,149.6,1.30E-09
149.7,1.04E-09,149.7,1.03E-09
149.8,8.98E-11,149.8,9.00E-11
149.9,1.29E-10,149.9,1.29E-10
150,5.29E-10,150,5.28E-10
150.1,9.84E-10,150.1,9.84E-10
150.2,1.10E-10,150.2,1.10E-10
150.3,1.94E-12,150.3,1.94E-12
150.4,7.43E-14,150.4,7.40E-14
150.5,3.99E-14,150.5,3.97E-14
150.6,3.17E-15,150.6,3.13E-15
150.7,1.08E-15,150.7,1.06E-15
150.8,3.30E-16,150.8,3.25E-16
150.9,3.36E-17,150.9,3.13E-17
151,1.07E-16,151,1.11E-16
151.1,5.24E-16,151.1,5.25E-16
151.2,1.03E-15,151.2,1.05E-15
151.3,4.42E-15,151.3,4.44E-15
151.4,3.63E-14,151.4,3.64E-14
151.5,8.92E-14,151.5,8.92E-14
151.6,3.96E-13,151.6,3.97E-13
151.7,2.08E-12,151.7,2.08E-12
151.8,7.30E-12,151.8,7.31E-12
151.9,1.49E-12,151.9,1.49E-12
152,1.89E-11,152,1.89E-11
152.1,1.25E-10,152.1,1.25E-10
152.2,1.24E-09,152.2,1.24E-09
152.3,1.74E-09,152.3,1.74E-09
152.4,1.96E-09,152.4,1.97E-09
152.5,3.51E-09,152.5,3.51E-09
152.6,3.64E-08,152.6,3.64E-08
152.7,3.58E-08,152.7,3.58E-08
152.8,2.52E-08,152.8,2.53E-08
152.9,3.98E-08,152.9,3.99E-08
153,1.03E-07,153,1.03E-07
153.1,2.76E-07,153.1,2.76E-07
153.2,3.60E-07,153.2,3.61E-07
153.3,1.47E-06,153.3,1.47E-06
153.4,6.14E-07,153.4,6.14E-07
153.5,1.95E-07,153.5,1.96E-07
153.6,2.15E-07,153.6,2.16E-07
153.7,3.04E-06,153.7,3.04E-06
153.8,1.69E-05,153.8,1.69E-05
153.9,2.71E-05,153.9,2.71E-05
154,1.18E-05,154,1.18E-05
154.1,2.16E-06,154.1,2.17E-06
154.2,2.04E-06,154.2,2.03E-06
154.3,1.00E-06,154.3,9.87E-07
154.4,1.78E-05,154.4,1.78E-05
154.5,0.000101899,154.5,0.000101984
154.6,0.000120149,154.6,0.000120381
154.7,5.90E-05,154.7,5.90E-05
154.8,9.76E-05,154.8,9.74E-05
154.9,8.14E-05,154.9,8.10E-05
155,7.88E-05,155,7.81E-05
155.1,7.12E-05,155.1,7.05E-05
155.2,0.000266852,155.2,0.000266979
155.3,0.000142097,155.3,0.000142172
155.4,4.47E-05,155.4,4.47E-05
155.5,0.000553407,155.5,0.000553257
155.6,0.000593268,155.6,0.000593111
155.7,0.000158326,155.7,0.000158526
155.8,0.000138618,155.8,0.000138797
155.9,0.000197759,155.9,0.000197598
156,8.29E-05,156,8.28E-05
156.1,0.000382542,156.1,0.000383143
156.2,0.000207451,156.2,0.000207834
156.3,2.02E-05,156.3,2.04E-05
156.4,3.49E-05,156.4,3.49E-05
156.5,0.00013623,156.5,0.000135817
156.6,0.000239397,156.6,0.00023915
156.7,0.00014062,156.7,0.000140515
156.8,8.85E-05,156.8,8.86E-05
156.9,2.12E-05,156.9,2.12E-05
157,1.61E-06,157,1.62E-06
157.1,0.000153323,157.1,0.00015322
157.2,0.00040202,157.2,0.000401886
157.3,0.000272202,157.3,0.000272427
157.4,7.64E-05,157.4,7.66E-05
157.5,1.68E-05,157.5,1.67E-05
157.6,5.60E-05,157.6,5.59E-05
157.7,2.67E-06,157.7,2.67E-06
157.8,0.000155633,157.8,0.000155078
157.9,0.000120707,157.9,0.00011998
158,2.05E-06,158,2.10E-06
158.1,7.04E-05,158.1,7.04E-05
158.2,5.73E-05,158.2,5.74E-05
158.3,2.29E-05,158.3,2.29E-05
158.4,1.19E-05,158.4,1.19E-05
158.5,7.13E-05,158.5,7.13E-05
158.6,5.38E-06,158.6,5.36E-06
158.7,7.78E-05,158.7,7.77E-05
158.8,0.000116891,158.8,0.000116731
158.9,5.61E-05,158.9,5.61E-05
159,1.65E-05,159,1.66E-05
159.1,1.96E-05,159.1,1.96E-05
159.2,4.17E-06,159.2,4.16E-06
159.3,1.45E-05,159.3,1.46E-05
159.4,8.01E-05,159.4,8.01E-05
159.5,7.20E-05,159.5,7.20E-05
159.6,2.55E-05,159.6,2.55E-05
159.7,1.95E-05,159.7,1.95E-05
159.8,3.25E-06,159.8,3.26E-06
159.9,9.26E-06,159.9,9.24E-06
160,4.06E-05,160,4.06E-05
160.1,2.40E-05,160.1,2.41E-05
160.2,4.23E-07,160.2,4.24E-07
160.3,9.99E-06,160.3,1.00E-05
160.4,2.29E-06,160.4,2.29E-06
160.5,5.34E-06,160.5,5.34E-06
160.6,7.54E-06,160.6,7.54E-06
160.7,4.78E-06,160.7,4.80E-06
160.8,1.40E-06,160.8,1.40E-06
160.9,4.11E-06,160.9,4.10E-06
161,2.94E-06,161,2.95E-06
161.1,4.48E-06,161.1,4.48E-06
161.2,1.07E-06,161.2,1.08E-06
161.3,9.24E-09,161.3,9.32E-09
161.4,1.99E-08,161.4,2.00E-08
161.5,1.28E-07,161.5,1.29E-07
161.6,1.51E-07,161.6,1.51E-07
161.7,5.53E-08,161.7,5.53E-08
161.8,8.29E-08,161.8,8.29E-08
161.9,1.60E-07,161.9,1.60E-07
162,2.04E-08,162,2.03E-08
162.1,6.86E-08,162.1,6.88E-08
162.2,1.52E-07,162.2,1.52E-07
162.3,1.96E-06,162.3,1.96E-06
162.4,3.51E-06,162.4,3.51E-06
162.5,4.62E-06,162.5,4.62E-06
162.6,2.94E-06,162.6,2.94E-06
162.7,5.26E-06,162.7,5.27E-06
162.8,3.86E-06,162.8,3.86E-06
162.9,2.23E-06,162.9,2.22E-06
163,2.48E-08,163,2.59E-08
163.1,7.69E-06,163.1,7.68E-06
163.2,9.38E-06,163.2,9.37E-06
163.3,2.13E-05,163.3,2.13E-05
163.4,1.39E-05,163.4,1.39E-05
163.5,6.95E-07,163.5,6.97E-07
163.6,2.86E-06,163.6,2.85E-06
163.7,4.98E-07,163.7,4.93E-07
163.8,9.34E-07,163.8,9.33E-07
163.9,1.43E-05,163.9,1.44E-05
164,5.23E-05,164,5.22E-05
164.1,2.47E-05,164.1,2.47E-05
164.2,1.88E-05,164.2,1.89E-05
164.3,3.01E-05,164.3,3.00E-05
164.4,1.01E-05,164.4,1.01E-05
164.5,6.16E-06,164.5,6.17E-06
164.6,3.06E-05,164.6,3.07E-05
164.7,2.91E-05,164.7,2.92E-05
164.8,7.18E-07,164.8,7.08E-07
164.9,0.000110486,164.9,0.000110461
165,0.00013969,165,0.000139791
165.1,6.07E-06,165.1,6.11E-06
165.2,6.65E-06,165.2,6.62E-06
165.3,1.65E-05,165.3,1.64E-05
165.4,2.30E-05,165.4,2.29E-05
165.5,5.13E-06,165.5,5.18E-06
165.6,4.82E-05,165.6,4.83E-05
165.7,1.79E-06,165.7,1.77E-06
165.8,0.00013375,165.8,0.000135113
165.9,6.25E-05,165.9,6.31E-05
166,9.71E-06,166,9.69E-06
166.1,4.28E-05,166.1,4.27E-05
166.2,9.39E-05,166.2,9.37E-05
166.3,7.05E-05,166.3,7.04E-05
166.4,5.20E-05,166.4,5.21E-05
166.5,0.000125669,166.5,0.00012557
166.6,0.00014086,166.6,0.00014101
166.7,8.63E-05,166.7,8.65E-05
166.8,2.82E-05,166.8,2.83E-05
166.9,2.53E-06,166.9,2.54E-06
167,5.62E-05,167,5.62E-05
167.1,0.000296415,167.1,0.000296684
167.2,0.000280571,167.2,0.000280777
167.3,0.000156972,167.3,0.000156997
167.4,1.17E-05,167.4,1.16E-05
167.5,3.98E-05,167.5,3.98E-05
167.6,8.22E-05,167.6,8.22E-05
167.7,0.000103269,167.7,0.000103239
167.8,0.000131125,167.8,0.000131337
167.9,0.000122467,167.9,0.000123016
168,0.000107684,168,0.000107193
168.1,9.23E-05,168.1,9.21E-05
168.2,0.00023621,168.2,0.000236032
168.3,6.45E-05,168.3,6.43E-05
168.4,1.29E-05,168.4,1.29E-05
168.5,2.46E-05,168.5,2.47E-05
168.6,8.49E-05,168.6,8.52E-05
168.7,0.000190213,168.7,0.000187622
168.8,0.000340207,168.8,0.000339179
168.9,0.000359165,168.9,0.000359316
169,0.00019165,169,0.00019158
169.1,1.17E-06,169.1,1.16E-06
169.2,5.33E-05,169.2,5.31E-05
169.3,8.98E-05,169.3,8.98E-05
169.4,0.000344899,169.4,0.000344873
169.5,0.000913625,169.5,0.000913471
169.6,0.00029738,169.6,0.000297699
169.7,1.26E-05,169.7,1.26E-05
169.8,4.22E-05,169.8,4.23E-05
169.9,1.48E-05,169.9,1.48E-05
170,8.50E-05,170,8.49E-05
170.1,0.000282828,170.1,0.000283331
170.2,0.000126452,170.2,0.000126625
170.3,0.000195268,170.3,0.000195142
170.4,0.000419259,170.4,0.000419368
170.5,0.000669684,170.5,0.000670232
170.6,0.000597364,170.6,0.00059849
170.7,0.000177291,170.7,0.000177982
170.8,8.32E-05,170.8,8.35E-05
170.9,1.59E-05,170.9,1.60E-05
171,0.000132284,171,0.000132246
171.1,0.000652202,171.1,0.00065211
171.2,0.00052783,171.2,0.000527635
171.3,0.000285055,171.3,0.000284879
171.4,0.000106324,171.4,0.000106338
171.5,0.000176075,171.5,0.000176342
171.6,0.000249021,171.6,0.000250003
171.7,0.00032374,171.7,0.000324071
171.8,0.000238471,171.8,0.000237993
171.9,0.000136952,171.9,0.000137336
172,3.13E-05,172,3.14E-05
172.1,7.92E-05,172.1,7.88E-05
172.2,7.68E-05,172.2,7.69E-05
172.3,0.000385044,172.3,0.000385437
172.4,0.000732864,172.4,0.000733388
172.5,0.000242663,172.5,0.000243234
172.6,0.000234854,172.6,0.000234473
172.7,0.000483433,172.7,0.000482682
172.8,0.000186617,172.8,0.000186224
172.9,0.000112328,172.9,0.000112625
173,8.75E-05,173,8.77E-05
173.1,2.27E-05,173.1,2.28E-05
173.2,5.22E-05,173.2,5.23E-05
173.3,2.67E-05,173.3,2.67E-05
173.4,0.000463271,173.4,0.00046287
173.5,0.000197385,173.5,0.000197133
173.6,4.34E-05,173.6,4.36E-05
173.7,0.000335447,173.7,0.00033728
173.8,0.000169674,173.8,0.000170994
173.9,7.55E-05,173.9,7.56E-05
174,0.000184952,174,0.000184645
174.1,0.000371196,174.1,0.000371146
174.2,0.000136995,174.2,0.000136749
174.3,0.000279556,174.3,0.000278926
174.4,0.000495217,174.4,0.000494857
174.5,0.000122034,174.5,0.000122039
174.6,2.12E-05,174.6,2.09E-05
174.7,0.00011809,174.7,0.00011743
174.8,0.000251233,174.8,0.000251449
174.9,1.69E-05,174.9,1.69E-05
175,0.000678109,175,0.000678606
175.1,0.000598958,175.1,0.000598947
175.2,0.000183709,175.2,0.000183587
175.3,0.000292678,175.3,0.000292858
175.4,0.000103113,175.4,0.000103197
175.5,9.15E-06,175.5,9.04E-06
175.6,0.00016788,175.6,0.000167732
175.7,0.000537661,175.7,0.00053649
175.8,0.000205185,175.8,0.000205329
175.9,1.45E-05,175.9,1.42E-05
176,4.92E-05,176,4.92E-05
176.1,0.000173003,176.1,0.000172762
176.2,6.67E-05,176.2,6.65E-05
176.3,0.000407709,176.3,0.000406498
176.4,0.000534644,176.4,0.000534375
176.5,1.42E-05,176.5,1.46E-05
176.6,0.00029347,176.6,0.000293575
176.7,0.000414519,176.7,0.000411763
176.8,0.000388729,176.8,0.000388132
176.9,0.00106269,176.9,0.00106267
177,0.00121177,177,0.00121202
177.1,9.75E-05,177.1,9.74E-05
177.2,0.000322437,177.2,0.000322958
177.3,0.000339093,177.3,0.00033931
177.4,0.000158381,177.4,0.000158656
177.5,0.000131151,177.5,0.000130822
177.6,0.000319359,177.6,0.000319043
177.7,7.18E-05,177.7,7.16E-05
177.8,0.000504494,177.8,0.000504742
177.9,0.0012428,177.9,0.00124205
178,0.000873925,178,0.000872989
178.1,4.87E-05,178.1,4.87E-05
178.2,0.000123476,178.2,0.000123693
178.3,0.000112007,178.3,0.000112349
178.4,0.000117523,178.4,0.000116915
178.5,0.000812277,178.5,0.000810436
178.6,0.00142363,178.6,0.00142188
178.7,0.000387413,178.7,0.000387694
178.8,0.000480306,178.8,0.000481081
178.9,4.78E-05,178.9,4.75E-05
179,0.000485636,179,0.000485761
179.1,0.00065854,179.1,0.000658377
179.2,0.000578571,179.2,0.000578789
179.3,0.00041593,179.3,0.00041621
179.4,0.00056667,179.4,0.000563427
179.5,0.00114986,179.5,0.00115326
179.6,0.00129772,179.6,0.00130148
179.7,0.00071312,179.7,0.000713239
179.8,0.000172065,179.8,0.000172375
179.9,3.09E-05,179.9,3.09E-05
180,0.000503506,180,0.000504113
180.1,0.000876545,180.1,0.000878611
180.2,0.00115903,180.2,0.00116276
180.3,0.00164156,180.3,0.00164061
180.4,0.000645889,180.4,0.000645411
180.5,0.000106345,180.5,0.000106023
180.6,0.000498293,180.6,0.000497209
180.7,0.000481188,180.7,0.000480638
180.8,9.51E-05,180.8,9.57E-05
180.9,0.000612283,180.9,0.000613388
181,0.000750045,181,0.000749094
181.1,0.000862068,181.1,0.000861292
181.2,0.00124636,181.2,0.00124475
181.3,0.00141287,181.3,0.00141109
181.4,0.000495262,181.4,0.00049521
181.5,0.000580384,181.5,0.00057959
181.6,0.00121181,181.6,0.00120945
181.7,0.000727745,181.7,0.000728096
181.8,0.00100502,181.8,0.00100566
181.9,0.00207826,181.9,0.00208104
182,0.00126927,182,0.00126967
182.1,0.000520592,182.1,0.000518884
182.2,0.00108791,182.2,0.00108718
182.3,0.000911412,182.3,0.000912773
182.4,0.000836617,182.4,0.000839009
182.5,0.00128655,182.5,0.0012876
182.6,0.000741052,182.6,0.000741823
182.7,0.000674273,182.7,0.000673634
182.8,0.00130209,182.8,0.0013018
182.9,0.00139241,182.9,0.00139128
183,0.000859417,183,0.000859054
183.1,0.000372923,183.1,0.000372212
183.2,0.000524778,183.2,0.000523971
183.3,0.000810002,183.3,0.000810304
183.4,0.00105114,183.4,0.00105169
183.5,0.00130138,183.5,0.00129985
183.6,0.000898648,183.6,0.000897104
183.7,0.000768925,183.7,0.000768372
183.8,0.00038572,183.8,0.000384686
183.9,0.000364872,183.9,0.000364238
184,0.00108637,184,0.00108482
184.1,0.00154019,184.1,0.00153812
184.2,0.000580431,184.2,0.000580752
184.3,0.000706268,184.3,0.000708215
184.4,0.000546101,184.4,0.000546713
184.5,0.00017153,184.5,0.00017227
184.6,0.000731732,184.6,0.000731684
184.7,0.0015272,184.7,0.00152699
184.8,0.000581851,184.8,0.000582285
184.9,0.000385067,184.9,0.000384952
185,0.000507701,185,0.000507468
185.1,0.000691535,185.1,0.000691415
185.2,0.000352639,185.2,0.000352597
185.3,0.000138766,185.3,0.000139487
185.4,6.35E-05,185.4,6.36E-05
185.5,0.00015859,185.5,0.000158071
185.6,0.000670155,185.6,0.000669701
185.7,0.000200928,185.7,0.000201313
185.8,0.000625323,185.8,0.000624944
185.9,0.000247577,185.9,0.000247831
186,0.000174422,186,0.00017412
186.1,0.000347767,186.1,0.00034797
186.2,0.000221233,186.2,0.000222109
186.3,5.39E-05,186.3,5.43E-05
186.4,0.000344225,186.4,0.000344031
186.5,0.000352513,186.5,0.000352772
186.6,0.000168483,186.6,0.000167987
186.7,0.000317326,186.7,0.000316806
186.8,0.00015748,186.8,0.000157832
186.9,3.28E-05,186.9,3.29E-05
187,0.000109522,187,0.000110077
187.1,3.35E-05,187.1,3.37E-05
187.2,5.54E-05,187.2,5.56E-05
187.3,0.000109961,187.3,0.000109772
187.4,0.000405247,187.4,0.000410653
187.5,0.000128485,187.5,0.000130091
187.6,0.000132676,187.6,0.000132665
187.7,4.06E-05,187.7,4.06E-05
187.8,6.85E-07,187.8,7.18E-07
187.9,0.00018415,187.9,0.000183392
188,0.000570392,188,0.000569588
188.1,0.000280571,188.1,0.00028021
188.2,3.64E-05,188.2,3.63E-05
188.3,0.000111634,188.3,0.000111924
188.4,1.34E-05,188.4,1.35E-05
188.5,8.19E-06,188.5,8.10E-06
188.6,0.000303113,188.6,0.000302758
188.7,0.000568906,188.7,0.000568336
188.8,6.32E-05,188.8,6.31E-05
188.9,9.27E-05,188.9,9.25E-05
189,0.000196985,189,0.000197003
189.1,2.04E-05,189.1,2.04E-05
189.2,9.85E-05,189.2,9.85E-05
189.3,0.00039975,189.3,0.000399184
189.4,0.000229763,189.4,0.000229501
189.5,0.000105159,189.5,0.000104595
189.6,0.000253094,189.6,0.000252919
189.7,2.77E-05,189.7,2.79E-05
189.8,3.44E-06,189.8,3.48E-06
189.9,0.000119364,189.9,0.000119412
190,0.000222213,190,0.00022228
190.1,3.36E-05,190.1,3.35E-05
190.2,6.57E-05,190.2,6.72E-05
190.3,0.000189888,190.3,0.000189059
190.4,0.00017754,190.4,0.000176953
190.5,0.000173946,190.5,0.000174032
190.6,0.000281031,190.6,0.000280838
190.7,7.66E-05,190.7,7.64E-05
190.8,3.85E-05,190.8,3.83E-05
190.9,0.000312008,190.9,0.000311879
191,0.000431802,191,0.000432552
191.1,0.000165153,191.1,0.000165305
191.2,4.92E-05,191.2,4.92E-05
191.3,2.32E-06,191.3,2.34E-06
191.4,5.43E-05,191.4,5.44E-05
191.5,0.000366383,191.5,0.000367098
191.6,0.000267615,191.6,0.000267226
191.7,2.84E-05,191.7,2.82E-05
191.8,9.85E-05,191.8,9.90E-05
191.9,2.26E-05,191.9,2.23E-05
192,0.000131686,192,0.000131117
192.1,0.000231547,192.1,0.00023169
192.2,0.000447722,192.2,0.000448136
192.3,0.000293093,192.3,0.000292738
192.4,6.68E-05,192.4,6.65E-05
192.5,0.0001675,192.5,0.000168689
192.6,0.000334628,192.6,0.000334725
192.7,0.000280893,192.7,0.000280464
192.8,7.69E-05,192.8,7.66E-05
192.9,7.41E-06,192.9,7.29E-06
193,8.27E-05,193,8.28E-05
193.1,0.000302044,193.1,0.000300966
193.2,0.00032583,193.2,0.000324472
193.3,0.000349495,193.3,0.000349715
193.4,0.000114569,193.4,0.000114522
193.5,4.97E-05,193.5,4.97E-05
193.6,4.97E-05,193.6,4.98E-05
193.7,0.000156782,193.7,0.000157039
193.8,0.000322112,193.8,0.000322605
193.9,0.000398208,193.9,0.000398599
194,0.000213254,194,0.000213243
194.1,0.000165945,194.1,0.000166075
194.2,0.000206202,194.2,0.000206307
194.3,0.000121562,194.3,0.000121459
194.4,5.58E-05,194.4,5.58E-05
194.5,0.000101823,194.5,0.000101746
194.6,0.000274561,194.6,0.000274433
194.7,0.000143292,194.7,0.000143259
194.8,0.000225448,194.8,0.000225443
194.9,0.000248967,194.9,0.000248891
195,6.10E-05,195,6.10E-05
195.1,4.88E-06,195.1,4.89E-06
195.2,2.43E-05,195.2,2.43E-05
195.3,3.42E-05,195.3,3.40E-05
195.4,7.82E-05,195.4,7.82E-05
195.5,0.000230411,195.5,0.000230495
195.6,0.000106863,195.6,0.000106957
195.7,5.44E-05,195.7,5.45E-05
195.8,3.47E-05,195.8,3.46E-05
195.9,7.75E-06,195.9,7.77E-06
196,6.17E-06,196,6.18E-06
196.1,2.00E-05,196.1,2.00E-05
196.2,2.19E-05,196.2,2.19E-05
196.3,9.76E-06,196.3,9.76E-06
196.4,1.24E-05,196.4,1.24E-05
196.5,9.03E-06,196.5,9.03E-06
196.6,6.00E-06,196.6,5.99E-06
196.7,2.47E-06,196.7,2.46E-06
196.8,1.85E-06,196.8,1.85E-06
196.9,1.84E-07,196.9,1.84E-07
197,9.40E-07,197,9.42E-07
197.1,1.75E-06,197.1,1.75E-06
197.2,1.05E-06,197.2,1.05E-06
197.3,4.58E-07,197.3,4.58E-07
197.4,2.94E-07,197.4,2.93E-07
197.5,3.11E-08,197.5,3.10E-08
197.6,7.17E-08,197.6,7.19E-08
197.7,2.59E-07,197.7,2.59E-07
197.8,1.46E-07,197.8,1.46E-07
197.9,4.91E-08,197.9,4.92E-08
198,4.16E-08,198,4.17E-08
198.1,1.34E-08,198.1,1.33E-08
198.2,1.08E-08,198.2,1.07E-08
198.3,1.03E-08,198.3,1.03E-08
198.4,5.64E-09,198.4,5.64E-09
198.5,2.03E-09,198.5,2.04E-09
198.6,1.33E-09,198.6,1.34E-09
198.7,1.21E-09,198.7,1.21E-09
198.8,6.46E-10,198.8,6.45E-10
198.9,2.13E-10,198.9,2.13E-10
199,1.49E-11,199,1.49E-11
199.1,2.47E-12,199.1,2.47E-12
199.2,4.79E-12,199.2,4.80E-12
199.3,8.92E-13,199.3,8.93E-13
199.4,7.54E-13,199.4,7.54E-13
199.5,1.23E-13,199.5,1.23E-13
199.6,1.82E-14,199.6,1.82E-14
199.7,2.29E-15,199.7,2.31E-15
199.8,4.69E-16,199.8,4.74E-16
199.9,4.96E-16,199.9,4.98E-16
200,4.11E-16,200,4.14E-16
200.1,4.16E-16,200.1,4.22E-16
200.2,1.36E-15,200.2,1.36E-15
200.3,4.33E-15,200.3,4.30E-15
200.4,3.86E-14,200.4,3.84E-14
200.5,6.34E-14,200.5,6.33E-14
200.6,2.28E-13,200.6,2.29E-13
200.7,6.94E-12,200.7,6.95E-12
200.8,2.53E-11,200.8,2.54E-11
200.9,7.08E-11,200.9,7.09E-11
201,6.29E-10,201,6.30E-10
201.1,3.74E-10,201.1,3.78E-10
201.2,1.89E-10,201.2,1.89E-10
201.3,9.74E-10,201.3,9.75E-10
201.4,7.33E-10,201.4,7.36E-10
201.5,4.50E-09,201.5,4.50E-09
201.6,2.22E-08,201.6,2.22E-08
201.7,3.53E-08,201.7,3.53E-08
201.8,6.60E-08,201.8,6.61E-08
201.9,2.07E-07,201.9,2.07E-07
202,1.25E-07,202,1.25E-07
202.1,2.93E-08,202.1,2.94E-08
202.2,7.87E-08,202.2,7.90E-08
202.3,2.57E-07,202.3,2.58E-07
202.4,1.76E-07,202.4,1.75E-07
202.5,2.36E-06,202.5,2.36E-06
202.6,4.11E-06,202.6,4.11E-06
202.7,1.71E-06,202.7,1.71E-06
202.8,6.08E-07,202.8,6.07E-07
202.9,2.05E-07,202.9,2.05E-07
203,5.62E-08,203,5.65E-08
203.1,1.09E-06,203.1,1.09E-06
203.2,6.74E-06,203.2,6.77E-06
203.3,1.06E-05,203.3,1.07E-05
203.4,3.77E-06,203.4,3.76E-06
203.5,5.62E-06,203.5,5.62E-06
203.6,7.28E-06,203.6,7.29E-06
203.7,1.82E-07,203.7,1.76E-07
203.8,3.44E-07,203.8,3.44E-07
203.9,1.21E-05,203.9,1.21E-05
204,7.16E-06,204,7.13E-06
204.1,4.96E-06,204.1,4.95E-06
204.2,1.82E-05,204.2,1.82E-05
204.3,1.11E-05,204.3,1.11E-05
204.4,9.56E-07,204.4,9.62E-07
204.5,5.67E-06,204.5,5.66E-06
204.6,8.36E-06,204.6,8.35E-06
204.7,1.55E-06,204.7,1.55E-06
204.8,7.04E-07,204.8,7.04E-07
204.9,1.08E-05,204.9,1.08E-05
205,5.31E-06,205,5.29E-06
205.1,1.30E-06,205.1,1.29E-06
205.2,9.47E-06,205.2,9.45E-06
205.3,4.65E-07,205.3,4.63E-07
205.4,2.10E-06,205.4,2.10E-06
205.5,9.26E-07,205.5,9.26E-07
205.6,2.07E-06,205.6,2.07E-06
205.7,8.59E-07,205.7,8.60E-07
205.8,8.97E-07,205.8,9.02E-07
205.9,1.31E-06,205.9,1.31E-06
206,1.65E-07,206,1.64E-07
206.1,6.93E-08,206.1,7.07E-08
206.2,4.23E-07,206.2,4.26E-07
206.3,4.49E-07,206.3,4.49E-07
206.4,1.13E-07,206.4,1.12E-07
206.5,1.23E-07,206.5,1.23E-07
206.6,1.85E-07,206.6,1.85E-07
206.7,1.04E-06,206.7,1.04E-06
206.8,5.55E-06,206.8,5.55E-06
206.9,4.40E-06,206.9,4.40E-06
207,2.47E-06,207,2.47E-06
207.1,1.32E-06,207.1,1.32E-06
207.2,1.30E-06,207.2,1.31E-06
207.3,3.34E-06,207.3,3.36E-06
207.4,1.17E-05,207.4,1.18E-05
207.5,1.42E-05,207.5,1.42E-05
207.6,9.27E-06,207.6,9.27E-06
207.7,1.04E-05,207.7,1.04E-05
207.8,9.78E-06,207.8,9.78E-06
207.9,2.30E-05,207.9,2.30E-05
208,1.39E-05,208,1.39E-05
208.1,9.24E-06,208.1,9.23E-06
208.2,6.60E-06,208.2,6.64E-06
208.3,3.50E-05,208.3,3.49E-05
208.4,4.23E-05,208.4,4.21E-05
208.5,0.000121031,208.5,0.000121011
208.6,6.09E-05,208.6,6.08E-05
208.7,7.98E-07,208.7,8.15E-07
208.8,1.23E-05,208.8,1.23E-05
208.9,2.34E-05,208.9,2.37E-05
209,5.37E-05,209,5.47E-05
209.1,0.000107972,209.1,0.000108467
209.2,0.00010716,209.2,0.000107197
209.3,6.46E-05,209.3,6.44E-05
209.4,4.00E-05,209.4,4.01E-05
209.5,5.39E-05,209.5,5.39E-05
209.6,5.06E-05,209.6,5.06E-05
209.7,8.24E-05,209.7,8.23E-05
209.8,8.17E-05,209.8,8.15E-05
209.9,6.79E-05,209.9,6.79E-05
210,9.98E-05,210,9.96E-05
210.1,0.000257694,210.1,0.000257692
210.2,0.000217909,210.2,0.000218068
210.3,0.00012415,210.3,0.00012385
210.4,5.72E-05,210.4,5.68E-05
210.5,1.02E-05,210.5,1.01E-05
210.6,9.28E-05,210.6,9.29E-05
210.7,0.000331956,210.7,0.000331833
210.8,0.000395941,210.8,0.000395711
210.9,0.000177578,210.9,0.000177332
211,7.25E-05,211,7.22E-05
211.1,4.34E-05,211.1,4.36E-05
211.2,7.81E-05,211.2,7.82E-05
211.3,0.000210175,211.3,0.000209878
211.4,0.000153285,211.4,0.000153252
211.5,0.000179946,211.5,0.000180121
211.6,0.000178235,211.6,0.00017785
211.7,0.000218627,211.7,0.000218012
211.8,0.000374846,211.8,0.000375255
211.9,0.000282485,211.9,0.000281201
212,0.000161439,212,0.000160869
212.1,0.000158491,212.1,0.000158614
212.2,6.36E-05,212.2,6.35E-05
212.3,0.000276371,212.3,0.000276037
212.4,0.000478206,212.4,0.000478662
212.5,0.000308991,212.5,0.000308878
212.6,1.41E-05,212.6,1.39E-05
212.7,1.96E-05,212.7,1.97E-05
212.8,3.23E-05,212.8,3.25E-05
212.9,0.000145602,212.9,0.00014547
213,0.000552693,213,0.000551916
213.1,0.000299613,213.1,0.000299842
213.2,0.000178019,213.2,0.000177575
213.3,7.83E-05,213.3,7.81E-05
213.4,0.000236326,213.4,0.000235257
213.5,0.000345139,213.5,0.00034386
213.6,0.000213876,213.6,0.000213194
213.7,0.000112677,213.7,0.000113004
213.8,0.000286658,213.8,0.000287081
213.9,0.000166572,213.9,0.000166602
214,0.000227598,214,0.000227571
214.1,0.000326719,214.1,0.000327123
214.2,3.22E-05,214.2,3.25E-05
214.3,2.04E-06,214.3,2.12E-06
214.4,7.19E-05,214.4,7.21E-05
214.5,0.000267605,214.5,0.000267582
214.6,0.000458029,214.6,0.000458219
214.7,0.000479546,214.7,0.000482004
214.8,0.000236891,214.8,0.000237294
214.9,7.47E-05,214.9,7.45E-05
215,4.98E-05,215,4.99E-05
215.1,4.88E-05,215.1,4.90E-05
215.2,0.000222122,215.2,0.000222134
215.3,0.000325131,215.3,0.000324776
215.4,0.000291461,215.4,0.00029211
215.5,0.000291893,215.5,0.000291562
215.6,0.00012191,215.6,0.0001219
215.7,0.000127759,215.7,0.000127983
215.8,7.20E-05,215.8,7.22E-05
215.9,8.13E-05,215.9,8.13E-05
216,8.52E-06,216,8.43E-06
216.1,0.00044951,216.1,0.000449623
216.2,0.000414506,216.2,0.00041499
216.3,0.000266852,216.3,0.000267046
216.4,0.000156101,216.4,0.00015587
216.5,5.56E-07,216.5,5.36E-07
216.6,1.65E-05,216.6,1.65E-05
216.7,1.93E-05,216.7,1.94E-05
216.8,7.82E-06,216.8,7.82E-06
216.9,0.000256633,216.9,0.000257746
217,0.000214061,217,0.000215009
217.1,9.04E-05,217.1,9.02E-05
217.2,0.000178423,217.2,0.000178363
217.3,6.83E-06,217.3,6.79E-06
217.4,1.63E-05,217.4,1.64E-05
217.5,0.000191706,217.5,0.000191748
217.6,0.000117579,217.6,0.000116822
217.7,2.74E-05,217.7,2.79E-05
217.8,9.00E-05,217.8,9.01E-05
217.9,0.0001156,217.9,0.000116032
218,6.92E-05,218,6.94E-05
218.1,7.34E-05,218.1,7.36E-05
218.2,0.00013521,218.2,0.00013515
218.3,1.96E-05,218.3,1.97E-05
218.4,6.62E-05,218.4,6.57E-05
218.5,3.37E-06,218.5,3.50E-06
218.6,2.72E-05,218.6,2.74E-05
218.7,7.49E-05,218.7,7.47E-05
218.8,0.000308248,218.8,0.000307583
218.9,0.000163219,218.9,0.000163069
219,2.21E-05,219,2.23E-05
219.1,0.000331719,219.1,0.000332266
219.2,0.000249815,219.2,0.000248901
219.3,2.48E-05,219.3,2.46E-05
219.4,4.32E-05,219.4,4.31E-05
219.5,0.000134579,219.5,0.000134935
219.6,9.70E-05,219.6,9.69E-05
219.7,6.18E-05,219.7,6.25E-05
219.8,0.000428299,219.8,0.000435885
219.9,0.000401302,219.9,0.000403067
220,8.89E-05,220,8.89E-05
220.1,2.33E-05,220.1,2.35E-05
220.2,1.59E-05,220.2,1.58E-05
220.3,7.71E-06,220.3,7.80E-06
220.4,0.000656222,220.4,0.000656234
220.5,0.00074012,220.5,0.000739225
220.6,0.000222723,220.6,0.000223093
220.7,0.000155004,220.7,0.000154444
220.8,0.000325445,220.8,0.000325414
220.9,0.000433783,220.9,0.00043371
221,0.000432328,221,0.000432201
221.1,0.000559061,221.1,0.000558268
221.2,0.000297258,221.2,0.000296733
221.3,0.000355103,221.3,0.000355592
221.4,0.000397078,221.4,0.000397788
221.5,0.000770815,221.5,0.00077221
221.6,0.000315655,221.6,0.00031601
221.7,8.02E-05,221.7,8.06E-05
221.8,0.000113213,221.8,0.000113161
221.9,0.000280252,221.9,0.000277704
222,0.000858369,222,0.00085703
222.1,0.00130939,222.1,0.00130965
222.2,0.000448108,222.2,0.000448362
222.3,1.00E-04,222.3,0.000100024
222.4,0.000152091,222.4,0.000151979
222.5,0.000184795,222.5,0.000183968
222.6,0.000526166,222.6,0.000521559
222.7,0.00083483,222.7,0.00083389
222.8,0.00087059,222.8,0.000872301
222.9,0.000665146,222.9,0.000664178
223,0.000603525,223,0.000602299
223.1,0.000603638,223.1,0.000602147
223.2,0.000524169,223.2,0.000523091
223.3,0.00038034,223.3,0.000379291
223.4,0.000370348,223.4,0.000370207
223.5,0.000505732,223.5,0.000506337
223.6,0.000688199,223.6,0.000687547
223.7,0.000968707,223.7,0.000968349
223.8,0.00124787,223.8,0.00124804
223.9,0.00046372,223.9,0.000464002
224,0.00011132,224,0.000111137
224.1,7.95E-06,224.1,7.93E-06
224.2,0.000180677,224.2,0.000180393
224.3,0.000687491,224.3,0.000686665
224.4,0.00102011,224.4,0.0010195
224.5,0.000455052,224.5,0.000454393
224.6,0.000214628,224.6,0.000214532
224.7,0.000235667,224.7,0.000237389
224.8,0.000260527,224.8,0.000260426
224.9,0.000531655,224.9,0.000529796
225,0.000632424,225,0.000631374
225.1,0.000581832,225.1,0.000580587
225.2,0.000466079,225.2,0.000465741
225.3,0.000619132,225.3,0.00061874
225.4,0.00126126,225.4,0.00126115
225.5,0.000632907,225.5,0.000633089
225.6,0.00023154,225.6,0.000232696
225.7,8.44E-05,225.7,8.42E-05
225.8,0.000240482,225.8,0.000240293
225.9,0.000504743,225.9,0.000504907
226,0.00123004,226,0.00123125
226.1,0.000929029,226.1,0.000928809
226.2,0.000221211,226.2,0.000220886
226.3,0.000305118,226.3,0.000303934
226.4,0.00030394,226.4,0.000303304
226.5,0.000848159,226.5,0.000847513
226.6,0.000833984,226.6,0.000833008
226.7,0.000417729,226.7,0.000417588
226.8,0.000437037,226.8,0.000437326
226.9,0.000479641,226.9,0.000480604
227,0.00059825,227,0.000599436
227.1,0.000551924,227.1,0.000552312
227.2,0.000477863,227.2,0.000478821
227.3,0.000353066,227.3,0.000353794
227.4,0.000289989,227.4,0.000290401
227.5,0.000172627,227.5,0.000172342
227.6,0.000562844,227.6,0.000563022
227.7,0.0006689,227.7,0.000672379
227.8,0.000365732,227.8,0.000367246
227.9,0.000121653,227.9,0.000122008
228,0.000149723,228,0.000149803
228.1,0.000271229,228.1,0.000270742
228.2,0.000479259,228.2,0.00047885
228.3,0.000587129,228.3,0.000586403
228.4,0.000293574,228.4,0.000293272
228.5,0.000148044,228.5,0.000148328
228.6,0.000156211,228.6,0.00015659
228.7,0.000124065,228.7,0.000123909
228.8,0.00019029,228.8,0.000190079
228.9,0.000393582,228.9,0.000393742
229,0.000319192,229,0.000319272
229.1,0.000293166,229.1,0.000293473
229.2,0.00038061,229.2,0.000380622
229.3,0.000376687,229.3,0.000376265
229.4,0.000218515,229.4,0.000218409
229.5,7.01E-05,229.5,7.03E-05
229.6,6.95E-05,229.6,6.96E-05
229.7,0.000149007,229.7,0.0001487
229.8,0.000207746,229.8,0.000207371
229.9,0.000446315,229.9,0.000446315
230,0.000328313,230,0.000328073
230.1,8.54E-05,230.1,8.52E-05
230.2,4.89E-05,230.2,4.89E-05
230.3,4.81E-05,230.3,4.81E-05
230.4,0.000108549,230.4,0.000108703
230.5,0.000203708,230.5,0.000202177
230.6,0.000257757,230.6,0.000255013
230.7,0.00022123,230.7,0.000221664
230.8,0.000161853,230.8,0.000161944
230.9,0.000111653,230.9,0.000111501
231,0.00012477,231,0.000124728
231.1,7.40E-05,231.1,7.41E-05
231.2,1.99E-05,231.2,1.99E-05
231.3,0.000125074,231.3,0.000125167
231.4,9.53E-05,231.4,9.51E-05
231.5,0.000199977,231.5,0.000199636
231.6,0.000158564,231.6,0.000158459
231.7,3.62E-05,231.7,3.61E-05
231.8,2.27E-05,231.8,2.27E-05
231.9,4.17E-05,231.9,4.17E-05
232,2.67E-05,232,2.66E-05
232.1,4.48E-05,232.1,4.49E-05
232.2,0.000125984,232.2,0.000126044
232.3,8.51E-05,232.3,8.50E-05
232.4,8.58E-05,232.4,8.59E-05
232.5,4.41E-05,232.5,4.40E-05
232.6,6.97E-06,232.6,6.93E-06
232.7,9.54E-06,232.7,9.46E-06
232.8,3.66E-05,232.8,3.65E-05
232.9,1.82E-05,232.9,1.83E-05
233,1.93E-05,233,1.93E-05
233.1,6.45E-05,233.1,6.46E-05
233.2,4.93E-05,233.2,4.93E-05
233.3,1.25E-05,233.3,1.24E-05
233.4,3.67E-06,233.4,3.60E-06
233.5,1.25E-05,233.5,1.23E-05
233.6,7.54E-06,233.6,7.57E-06
233.7,1.64E-05,233.7,1.64E-05
233.8,2.63E-05,233.8,2.63E-05
233.9,1.93E-05,233.9,1.93E-05
234,1.14E-06,234,1.14E-06
234.1,7.27E-06,234.1,7.21E-06
234.2,5.73E-07,234.2,5.63E-07
234.3,3.13E-06,234.3,3.10E-06
234.4,2.37E-05,234.4,2.38E-05
234.5,3.33E-05,234.5,3.33E-05
234.6,5.55E-06,234.6,5.55E-06
234.7,2.22E-06,234.7,2.21E-06
234.8,6.59E-07,234.8,6.67E-07
234.9,1.01E-06,234.9,1.01E-06
235,1.45E-05,235,1.45E-05
235.1,1.44E-05,235.1,1.44E-05
235.2,7.72E-06,235.2,7.69E-06
235.3,4.70E-06,235.3,4.69E-06
235.4,1.08E-06,235.4,1.09E-06
235.5,1.37E-07,235.5,1.42E-07
235.6,2.45E-06,235.6,2.46E-06
235.7,4.98E-06,235.7,4.97E-06
235.8,1.21E-06,235.8,1.21E-06
235.9,3.51E-06,235.9,3.52E-06
236,3.07E-06,236,3.07E-06
236.1,8.46E-06,236.1,8.44E-06
236.2,1.62E-06,236.2,1.62E-06
236.3,8.84E-07,236.3,8.94E-07
236.4,1.73E-06,236.4,1.73E-06
236.5,3.33E-07,236.5,3.37E-07
236.6,2.92E-06,236.6,2.92E-06
236.7,3.75E-06,236.7,3.75E-06
236.8,2.55E-06,236.8,2.56E-06
236.9,2.23E-07,236.9,2.25E-07
237,2.35E-07,237,2.33E-07
237.1,1.49E-07,237.1,1.50E-07
237.2,7.69E-07,237.2,7.69E-07
237.3,1.28E-06,237.3,1.28E-06
237.4,9.11E-07,237.4,9.12E-07
237.5,1.41E-07,237.5,1.42E-07
237.6,2.78E-07,237.6,2.77E-07
237.7,4.06E-07,237.7,4.06E-07
237.8,2.01E-07,237.8,2.01E-07
237.9,3.66E-07,237.9,3.65E-07
238,6.73E-07,238,6.74E-07
238.1,6.71E-07,238.1,6.72E-07
238.2,8.97E-07,238.2,8.96E-07
238.3,9.38E-07,238.3,9.37E-07
238.4,1.22E-06,238.4,1.23E-06
238.5,2.30E-07,238.5,2.35E-07
238.6,1.02E-07,238.6,1.02E-07
238.7,1.88E-07,238.7,1.88E-07
238.8,6.10E-07,238.8,6.10E-07
238.9,5.44E-06,238.9,5.44E-06
239,1.13E-05,239,1.13E-05
239.1,1.78E-06,239.1,1.78E-06
239.2,1.39E-06,239.2,1.38E-06
239.3,1.59E-06,239.3,1.58E-06
239.4,1.55E-06,239.4,1.55E-06
239.5,5.59E-06,239.5,5.58E-06
239.6,1.12E-05,239.6,1.12E-05
239.7,7.18E-06,239.7,7.19E-06
239.8,8.08E-06,239.8,8.11E-06
239.9,9.99E-06,239.9,9.99E-06
240,1.36E-05,240,1.36E-05
240.1,1.22E-05,240.1,1.22E-05
240.2,7.09E-06,240.2,7.09E-06
240.3,1.73E-06,240.3,1.71E-06
240.4,1.00E-05,240.4,1.00E-05
240.5,4.05E-05,240.5,4.05E-05
240.6,5.60E-05,240.6,5.59E-05
240.7,3.36E-05,240.7,3.36E-05
240.8,1.69E-05,240.8,1.69E-05
240.9,4.36E-07,240.9,4.39E-07
241,6.06E-06,241,6.09E-06
241.1,3.57E-05,241.1,3.57E-05
241.2,6.96E-05,241.2,6.97E-05
241.3,6.66E-05,241.3,6.67E-05
241.4,3.72E-05,241.4,3.65E-05
241.5,2.22E-05,241.5,2.21E-05
241.6,1.49E-05,241.6,1.49E-05
241.7,2.16E-05,241.7,2.16E-05
241.8,5.04E-05,241.8,5.03E-05
241.9,2.99E-05,241.9,2.99E-05
242,3.58E-05,242,3.58E-05
242.1,6.02E-05,242.1,6.02E-05
242.2,9.84E-05,242.2,9.86E-05
242.3,0.000145708,242.3,0.000145659
242.4,7.48E-05,242.4,7.48E-05
242.5,8.11E-06,242.5,8.09E-06
242.6,5.29E-06,242.6,5.30E-06
242.7,4.59E-05,242.7,4.60E-05
242.8,5.54E-05,242.8,5.56E-05
242.9,0.000176134,242.9,0.00017574
243,0.000115049,243,0.00011509
243.1,3.77E-05,243.1,3.77E-05
243.2,3.73E-05,243.2,3.73E-05
243.3,1.82E-05,243.3,1.82E-05
243.4,7.81E-05,243.4,7.80E-05
243.5,0.000166481,243.5,0.000166452
243.6,0.000106069,243.6,0.000106393
243.7,8.22E-05,243.7,8.19E-05
243.8,8.76E-05,243.8,8.73E-05
243.9,5.54E-05,243.9,5.51E-05
244,3.47E-05,244,3.46E-05
244.1,5.09E-05,244.1,5.11E-05
244.2,6.47E-05,244.2,6.62E-05
244.3,6.42E-05,244.3,6.44E-05
244.4,0.00013623,244.4,0.000135606
244.5,0.000218497,244.5,0.000218697
244.6,0.000107317,244.6,0.000107549
244.7,2.17E-05,244.7,2.18E-05
244.8,5.51E-06,244.8,5.50E-06
244.9,1.96E-06,244.9,1.93E-06
245,4.85E-05,245,4.82E-05
245.1,0.000255234,245.1,0.00025513
245.2,0.000277297,245.2,0.00027762
245.3,0.00012911,245.3,0.000129095
245.4,2.28E-05,245.4,2.29E-05
245.5,0.00010355,245.5,0.000103847
245.6,8.65E-05,245.6,8.69E-05
245.7,6.05E-05,245.7,6.07E-05
245.8,0.000119862,245.8,0.000120216
245.9,3.07E-05,245.9,3.08E-05
246,8.05E-05,246,8.04E-05
246.1,9.56E-05,246.1,9.60E-05
246.2,0.000139035,246.2,0.000139225
246.3,0.000101963,246.3,0.000102223
246.4,1.66E-05,246.4,1.68E-05
246.5,8.68E-07,246.5,8.59E-07
246.6,3.47E-05,246.6,3.45E-05
246.7,0.000134153,246.7,0.000133747
246.8,0.000231554,246.8,0.000231088
246.9,0.000202286,246.9,0.000201961
247,3.85E-06,247,3.80E-06
247.1,0.000110634,247.1,0.000109472
247.2,5.02E-05,247.2,5.01E-05
247.3,6.15E-05,247.3,6.15E-05
247.4,0.000139007,247.4,0.000139146
247.5,0.000107855,247.5,0.00010781
247.6,0.000119772,247.6,0.000120102
247.7,0.000105171,247.7,0.000104813
247.8,0.000142761,247.8,0.000142845
247.9,3.15E-05,247.9,3.18E-05
248,1.61E-05,248,1.60E-05
248.1,1.66E-05,248.1,1.66E-05
248.2,1.88E-05,248.2,1.86E-05
248.3,7.42E-05,248.3,7.41E-05
248.4,0.000261252,248.4,0.00026102
248.5,0.000191145,248.5,0.000191209
248.6,2.36E-05,248.6,2.34E-05
248.7,2.52E-06,248.7,2.60E-06
248.8,4.69E-06,248.8,4.64E-06
248.9,2.16E-05,248.9,2.16E-05
249,1.09E-08,249,1.19E-08
249.1,9.28E-05,249.1,9.28E-05
249.2,4.39E-05,249.2,4.42E-05
249.3,0.00011592,249.3,0.000116385
249.4,0.000123598,249.4,0.000124047
249.5,2.00E-05,249.5,2.04E-05
249.6,1.51E-06,249.6,1.59E-06
249.7,1.62E-05,249.7,1.64E-05
249.8,5.74E-07,249.8,5.52E-07
249.9,3.18E-05,249.9,3.17E-05
250,0.00028738,250,0.00028667
